{
  "version": 2,
  "material_name": "HZO (Si-doped)",
  "num_levels": 30,
  "calibrations": {
    "300": {
      "temperature_k": 300,
      "calibration_up": [
        0,
        32412366.891197972,
        34248111.56468175,
        36083856.238165535,
        37919600.91164932,
        39755345.5851331,
        47040957.25802183,
        51917154.04696312,
        56793350.835904405,
        66545744.413786985,
        71421941.20272827,
        76298137.99166957,
        81174334.78061086,
        86050531.56955214,
        90926728.35849342,
        95802925.14743471,
        100679121.936376,
        105555318.72531728,
        110431515.51425856,
        115307712.30319986,
        120183909.09214115,
        125060105.88108245,
        134812499.458965,
        139688696.2479063,
        144564893.0368476,
        154317286.61473018,
        164069680.19261274,
        173822073.7704953,
        175657818.44397908,
        177493563.11746287
      ],
      "calibration_down": [
        -177493563.11746287,
        -175657818.44397908,
        -173822073.7704953,
        -164069680.19261274,
        -154317286.61473018,
        -144564893.0368476,
        -139688696.2479063,
        -134812499.458965,
        -125060105.88108245,
        -120183909.09214115,
        -115307712.30319986,
        -110431515.51425856,
        -105555318.72531728,
        -100679121.936376,
        -95802925.14743471,
        -86050531.56955214,
        -83612433.17508149,
        -81174334.78061086,
        -76298137.99166957,
        -66545744.413786985,
        -61669547.6248457,
        -56793350.835904405,
        -51917154.04696312,
        -47040957.25802183,
        -37288563.68013926,
        -35481502.51717866,
        -33645757.84369488,
        -31810013.170211103,
        -29974268.496727325,
        0
      ],
      "calib_up_low": [
        27536170.10225668,
        27536170.10225668,
        27536170.10225668,
        27536170.10225668,
        27536170.10225668,
        27536170.10225668,
        27536170.10225668,
        27536170.10225668,
        27536170.10225668,
        27536170.10225668,
        27536170.10225668,
        27536170.10225668,
        27536170.10225668,
        27536170.10225668,
        27536170.10225668,
        27536170.10225668,
        27536170.10225668,
        27536170.10225668,
        27536170.10225668,
        27536170.10225668,
        27536170.10225668,
        27536170.10225668,
        27536170.10225668,
        27536170.10225668,
        27536170.10225668,
        27536170.10225668,
        27536170.10225668,
        27536170.10225668,
        27536170.10225668,
        27536170.10225668
      ],
      "calib_up_high": [
        183574467.34837788,
        183574467.34837788,
        183574467.34837788,
        183574467.34837788,
        183574467.34837788,
        183574467.34837788,
        183574467.34837788,
        183574467.34837788,
        183574467.34837788,
        183574467.34837788,
        183574467.34837788,
        183574467.34837788,
        183574467.34837788,
        183574467.34837788,
        183574467.34837788,
        183574467.34837788,
        183574467.34837788,
        183574467.34837788,
        183574467.34837788,
        183574467.34837788,
        183574467.34837788,
        183574467.34837788,
        183574467.34837788,
        183574467.34837788,
        183574467.34837788,
        183574467.34837788,
        183574467.34837788,
        183574467.34837788,
        183574467.34837788,
        183574467.34837788
      ],
      "calib_down_low": [
        -183574467.34837788,
        -183574467.34837788,
        -183574467.34837788,
        -183574467.34837788,
        -183574467.34837788,
        -183574467.34837788,
        -183574467.34837788,
        -183574467.34837788,
        -183574467.34837788,
        -183574467.34837788,
        -183574467.34837788,
        -183574467.34837788,
        -183574467.34837788,
        -183574467.34837788,
        -183574467.34837788,
        -183574467.34837788,
        -183574467.34837788,
        -183574467.34837788,
        -183574467.34837788,
        -183574467.34837788,
        -183574467.34837788,
        -183574467.34837788,
        -183574467.34837788,
        -183574467.34837788,
        -183574467.34837788,
        -183574467.34837788,
        -183574467.34837788,
        -183574467.34837788,
        -183574467.34837788,
        -183574467.34837788
      ],
      "calib_down_high": [
        -27536170.10225668,
        -27536170.10225668,
        -27536170.10225668,
        -27536170.10225668,
        -27536170.10225668,
        -27536170.10225668,
        -27536170.10225668,
        -27536170.10225668,
        -27536170.10225668,
        -27536170.10225668,
        -27536170.10225668,
        -27536170.10225668,
        -27536170.10225668,
        -27536170.10225668,
        -27536170.10225668,
        -27536170.10225668,
        -27536170.10225668,
        -27536170.10225668,
        -27536170.10225668,
        -27536170.10225668,
        -27536170.10225668,
        -27536170.10225668,
        -27536170.10225668,
        -27536170.10225668,
        -27536170.10225668,
        -27536170.10225668,
        -27536170.10225668,
        -27536170.10225668,
        -27536170.10225668,
        -27536170.10225668
      ],
      "last_error_up": [
        0,
        0,
        0,
        0,
        0,
        0,
        0,
        0,
        0,
        0,
        0,
        0,
        0,
        0,
        0,
        0,
        0,
        0,
        0,
        0,
        0,
        0,
        0,
        0,
        0,
        0,
        0,
        0,
        0,
        0
      ],
      "last_error_down": [
        0,
        0,
        0,
        0,
        0,
        0,
        0,
        0,
        0,
        0,
        0,
        0,
        0,
        0,
        0,
        0,
        0,
        0,
        0,
        0,
        0,
        0,
        0,
        0,
        0,
        0,
        0,
        0,
        0,
        0
      ],
      "relax_comp_up": [
        0,
        0,
        0,
        0,
        0,
        0,
        0,
        0,
        0,
        0,
        0,
        0,
        0,
        0,
        0,
        0,
        0,
        0,
        0,
        0,
        0,
        0,
        0,
        0,
        0,
        0,
        0,
        0,
        0,
        0
      ],
      "relax_comp_down": [
        0,
        0,
        0,
        0,
        0,
        0,
        0,
        0,
        0,
        0,
        0,
        0,
        0,
        0,
        0,
        0,
        0,
        0,
        0,
        0,
        0,
        0,
        0,
        0,
        0,
        0,
        0,
        0,
        0,
        0
      ]
    }
  },
  "saved_at": "2026-01-30T20:34:02-06:00"
}