{
  "version": 2,
  "material_name": "AlScN (8-16 states)",
  "num_levels": 16,
  "calibrations": {
    "300": {
      "temperature_k": 300,
      "calibration_up": [
        0,
        117273727.92030977,
        124922664.05982551,
        178226187.78207588,
        234099275.9886948,
        279813620.88501936,
        325527965.78134394,
        366162939.0225213,
        401718540.60855156,
        442353513.849729,
        488067858.7460536,
        533782203.64237815,
        589655291.8489971,
        650607751.7107632,
        747115813.1585596,
        762353928.124001
      ],
      "calibration_down": [
        -762353928.124001,
        -742036441.5034122,
        -650607751.7107632,
        -589655291.8489971,
        -533782203.64237815,
        -488067858.7460536,
        -442353513.849729,
        -401718540.60855156,
        -366162939.0225213,
        -320448594.1261968,
        -274734249.22987217,
        -229019904.3335476,
        -173146816.1269287,
        -124922664.05982551,
        -117273727.92030977,
        0
      ],
      "calib_up_low": [
        114734042.09273618,
        114734042.09273618,
        117273727.92030977,
        178226187.78207588,
        234099275.9886948,
        279813620.88501936,
        325527965.78134394,
        363623253.1949477,
        401718540.60855156,
        439813828.0221554,
        488067858.7460536,
        533782203.64237815,
        587115606.0214235,
        648068065.8831896,
        747115813.1585596,
        762353928.124001
      ],
      "calib_up_high": [
        764893613.9515746,
        117273727.92030977,
        119813413.74788335,
        180765873.60964945,
        236638961.81626838,
        282353306.71259296,
        328067651.60891753,
        366162939.0225213,
        404258226.43612516,
        442353513.849729,
        490607544.5736272,
        536321889.46995175,
        589655291.8489971,
        650607751.7107632,
        749655498.9861331,
        764893613.9515746
      ],
      "calib_down_low": [
        -764893613.9515746,
        -742036441.5034122,
        -650607751.7107632,
        -589655291.8489971,
        -536321889.46995175,
        -490607544.5736272,
        -442353513.849729,
        -404258226.43612516,
        -366162939.0225213,
        -320448594.1261968,
        -274734249.22987217,
        -229019904.3335476,
        -173146816.1269287,
        -117273727.92030977,
        -117273727.92030977,
        -764893613.9515746
      ],
      "calib_down_high": [
        -762353928.124001,
        -739496755.6758387,
        -648068065.8831896,
        -587115606.0214235,
        -533782203.64237815,
        -488067858.7460536,
        -439813828.0221554,
        -401718540.60855156,
        -363623253.1949477,
        -317908908.2986232,
        -272194563.40229857,
        -226480218.50597402,
        -170607130.2993551,
        -114734042.09273618,
        -114734042.09273618,
        -114734042.09273618
      ],
      "last_error_up": [
        0,
        0,
        0,
        0,
        0,
        0,
        0,
        0,
        0,
        0,
        0,
        0,
        0,
        0,
        0,
        0
      ],
      "last_error_down": [
        0,
        0,
        0,
        0,
        0,
        0,
        0,
        0,
        0,
        0,
        0,
        0,
        0,
        0,
        0,
        0
      ],
      "relax_comp_up": [
        0,
        0.012444444444444445,
        0.023111111111111114,
        0.03200000000000001,
        0.03911111111111112,
        0.044444444444444446,
        0.04800000000000001,
        0.04977777777777778,
        0.04977777777777778,
        0.048,
        0.044444444444444446,
        0.03911111111111112,
        0.032,
        0.023111111111111107,
        0.012444444444444442,
        0
      ],
      "relax_comp_down": [
        0,
        0.012444444444444445,
        0.023111111111111114,
        0.03200000000000001,
        0.03911111111111112,
        0.044444444444444446,
        0.04800000000000001,
        0.04977777777777778,
        0.04977777777777778,
        0.048,
        0.044444444444444446,
        0.03911111111111112,
        0.032,
        0.023111111111111107,
        0.012444444444444442,
        0
      ]
    }
  },
  "saved_at": "2026-01-29T10:28:17-06:00"
}
