{
  "version": 2,
  "material_name": "AlScN (8-16 states)",
  "num_levels": 16,
  "calibrations": {
    "300": {
      "temperature_k": 300,
      "calibration_up": [
        0,
        135051528.71332487,
        142700464.85284063,
        196003988.57509097,
        236638961.81626838,
        277273935.05744576,
        317908908.2986232,
        358543881.5398006,
        399178854.78097796,
        439813828.0221554,
        604057850.1771668,
        632671207.6074537,
        642671207.6074537,
        683623667.4692198,
        754734870.6412802,
        764734870.6412802
      ],
      "calibration_down": [
        -731907576.849913,
        -724258640.7103972,
        -683623667.4692198,
        -622036234.3662763,
        -612036234.3662763,
        -602036234.3662763,
        -353385138.22950625,
        -343385138.22950625,
        -333385138.22950625,
        -317908908.2986232,
        -277273935.05744576,
        -196003988.57509097,
        -155369015.33391356,
        -142700464.85284063,
        -135051528.71332487,
        0
      ],
      "calib_up_low": [
        114734042.09273618,
        114734042.09273618,
        114734042.09273618,
        114734042.09273618,
        114734042.09273618,
        114734042.09273618,
        114734042.09273618,
        114734042.09273618,
        114734042.09273618,
        114734042.09273618,
        601337846.6558355,
        114734042.09273618,
        114734042.09273618,
        114734042.09273618,
        744576127.3309859,
        114734042.09273618
      ],
      "calib_up_high": [
        764893613.9515746,
        764893613.9515746,
        764893613.9515746,
        764893613.9515746,
        764893613.9515746,
        764893613.9515746,
        764893613.9515746,
        764893613.9515746,
        764893613.9515746,
        764893613.9515746,
        604537850.7985783,
        764893613.9515746,
        764893613.9515746,
        764893613.9515746,
        764893613.9515746,
        764893613.9515746
      ],
      "calib_down_low": [
        -764893613.9515746,
        -764893613.9515746,
        -764893613.9515746,
        -764893613.9515746,
        -764893613.9515746,
        -764893613.9515746,
        -592036234.3662763,
        -764893613.9515746,
        -764893613.9515746,
        -764893613.9515746,
        -764893613.9515746,
        -764893613.9515746,
        -764893613.9515746,
        -764893613.9515746,
        -764893613.9515746,
        -764893613.9515746
      ],
      "calib_down_high": [
        -114734042.09273618,
        -114734042.09273618,
        -114734042.09273618,
        -114734042.09273618,
        -114734042.09273618,
        -114734042.09273618,
        -114734042.09273618,
        -399178854.78097796,
        -114734042.09273618,
        -114734042.09273618,
        -114734042.09273618,
        -114734042.09273618,
        -114734042.09273618,
        -114734042.09273618,
        -114734042.09273618,
        -114734042.09273618
      ],
      "last_error_up": [
        0,
        0,
        0,
        0,
        0,
        0,
        0,
        0,
        0,
        0,
        3,
        0,
        0,
        0,
        -1,
        0
      ],
      "last_error_down": [
        0,
        0,
        0,
        0,
        0,
        0,
        -2,
        5,
        0,
        0,
        0,
        0,
        0,
        0,
        0,
        0
      ],
      "relax_comp_up": [
        0,
        0,
        0,
        0,
        0,
        0,
        0,
        0,
        0,
        0,
        -0.024,
        0,
        0,
        0,
        0.023999999999999997,
        0
      ],
      "relax_comp_down": [
        0,
        0,
        0,
        0,
        0,
        0,
        -0.012,
        0.03,
        0,
        0,
        0,
        0,
        0,
        0,
        0,
        0
      ]
    }
  },
  "saved_at": "2026-01-30T10:46:20-06:00"
}