{
  "version": 2,
  "material_name": "Cryogenic HZO",
  "num_levels": 48,
  "calibrations": {
    "300": {
      "temperature_k": 300,
      "calibration_up": [
        0,
        35182118.376092926,
        37476799.21794765,
        39771480.05980237,
        42066160.90165709,
        44360841.74351181,
        46655522.58536653,
        48950203.42722125,
        51244884.269075975,
        53539565.110930696,
        59563102.320799366,
        64134536.81043182,
        68705971.30006428,
        73277405.78969674,
        77848840.2793292,
        82420274.76896165,
        86991709.25859411,
        91563143.74822657,
        93857824.59008129,
        97658389.73440318,
        102229824.22403564,
        105277447.21712394,
        109848881.7067564,
        114420316.19638886,
        116714997.03824358,
        120515562.18256547,
        125086996.67219792,
        128134619.66528623,
        132706054.15491867,
        137277488.6445511,
        139572169.48640582,
        144896546.1272719,
        149467980.61690432,
        154039415.1065368,
        158610849.59616923,
        163182284.08580172,
        167753718.57543415,
        172325153.06506664,
        178420399.05124325,
        182991833.54087567,
        190610891.02359647,
        196706137.00977308,
        205849005.989038,
        214991874.9683029,
        227182366.94065613,
        229477047.78251085,
        231771728.62436557,
        234066409.4662203
      ],
      "calibration_down": [
        -233295540.1209097,
        -231000859.27905497,
        -228706178.43720025,
        -224134743.94756782,
        -213468063.47175872,
        -205849005.989038,
        -196706137.00977308,
        -190610891.02359647,
        -182991833.54087567,
        -178420399.05124325,
        -172325153.06506664,
        -167753718.57543415,
        -163182284.08580172,
        -158610849.59616923,
        -154039415.1065368,
        -149467980.61690432,
        -144896546.1272719,
        -139572169.48640582,
        -137277488.6445511,
        -132706054.15491867,
        -128134619.66528623,
        -123563185.17565377,
        -120515562.18256547,
        -115944127.69293301,
        -112143562.54861112,
        -109848881.7067564,
        -105277447.21712394,
        -100706012.72749148,
        -96134578.23785903,
        -93086955.24477072,
        -88515520.75513826,
        -83944086.2655058,
        -79372651.77587335,
        -74801217.28624089,
        -70229782.79660843,
        -65658348.306975976,
        -61086913.81734352,
        -56515479.32771106,
        -53539565.110930696,
        -51244884.269075975,
        -48950203.42722125,
        -46655522.58536653,
        -44360841.74351181,
        -42066160.90165709,
        -39771480.05980237,
        -37476799.21794765,
        -35182118.376092926,
        0
      ],
      "calib_up_low": [
        34420212.62782085,
        34420212.62782085,
        34420212.62782085,
        34420212.62782085,
        34420212.62782085,
        34420212.62782085,
        34420212.62782085,
        39753552.86572538,
        46610704.60017407,
        51182139.08980653,
        58801196.57252729,
        63372631.06215975,
        67944065.5517922,
        72515500.04142466,
        77086934.53105712,
        81658369.02068958,
        86229803.51032203,
        90801237.99995449,
        93086955.24477072,
        97658389.73440318,
        102229824.22403564,
        104515541.46885186,
        109086975.95848432,
        113658410.44811678,
        115944127.69293301,
        120515562.18256547,
        125086996.67219792,
        127372713.91701415,
        131944148.4066466,
        136515582.89627904,
        138801300.14109528,
        144134640.3789998,
        148706074.86863226,
        153277509.3582647,
        157848943.84789717,
        162420378.33752963,
        166991812.8271621,
        171563247.31679454,
        178420399.05124325,
        182991833.54087567,
        189848985.27532437,
        196706137.00977308,
        205849005.989038,
        214991874.9683029,
        226420461.19238403,
        228706178.43720025,
        228706178.43720025,
        228706178.43720025
      ],
      "calib_up_high": [
        229468084.18547234,
        35182118.376092926,
        35182118.376092926,
        35182118.376092926,
        35182118.376092926,
        35182118.376092926,
        35182118.376092926,
        40515458.61399746,
        47372610.348446146,
        51944044.8380786,
        59563102.320799366,
        64134536.81043182,
        68705971.30006428,
        73277405.78969674,
        77848840.2793292,
        82420274.76896165,
        86991709.25859411,
        91563143.74822657,
        93848860.9930428,
        98420295.48267525,
        102991729.97230771,
        105277447.21712394,
        109848881.7067564,
        114420316.19638886,
        116706033.44120508,
        121277467.93083754,
        125848902.42047,
        128134619.66528623,
        132706054.15491867,
        137277488.6445511,
        139563205.88936734,
        144896546.1272719,
        149467980.61690432,
        154039415.1065368,
        158610849.59616923,
        163182284.08580172,
        167753718.57543415,
        172325153.06506664,
        179182304.7995153,
        183753739.28914776,
        190610891.02359647,
        197468042.75804514,
        206610911.73731005,
        215753780.71657497,
        227182366.94065613,
        229468084.18547234,
        229468084.18547234,
        229468084.18547234
      ],
      "calib_down_low": [
        -229468084.18547234,
        -229468084.18547234,
        -229468084.18547234,
        -224896649.69583988,
        -213468063.47175872,
        -206610911.73731005,
        -197468042.75804514,
        -190610891.02359647,
        -183753739.28914776,
        -179182304.7995153,
        -172325153.06506664,
        -167753718.57543415,
        -163182284.08580172,
        -158610849.59616923,
        -154039415.1065368,
        -149467980.61690432,
        -144896546.1272719,
        -139563205.88936734,
        -137277488.6445511,
        -132706054.15491867,
        -128134619.66528623,
        -123563185.17565377,
        -121277467.93083754,
        -116706033.44120508,
        -112134598.95157263,
        -109848881.7067564,
        -105277447.21712394,
        -100706012.72749148,
        -96134578.23785903,
        -93848860.9930428,
        -89277426.50341034,
        -84705992.01377788,
        -80134557.52414542,
        -75563123.03451297,
        -70991688.54488051,
        -66420254.05524805,
        -61848819.565615594,
        -56515479.32771106,
        -49658327.593262374,
        -45086893.10362992,
        -38229741.36918123,
        -35182118.376092926,
        -35182118.376092926,
        -35182118.376092926,
        -35182118.376092926,
        -35182118.376092926,
        -35182118.376092926,
        -229468084.18547234
      ],