{
  "version": 2,
  "material_name": "FeCIM HZO",
  "num_levels": 30,
  "calibrations": {
    "300": {
      "temperature_k": 300,
      "calibration_up": [
        0,
        43025265.78477607,
        47805850.87197341,
        52586435.95917075,
        57367021.04636809,
        57367021.04636809,
        57367021.04636809,
        62147606.13356543,
        62147606.13356543,
        66928191.220762774,
        66928191.220762774,
        66928191.220762774,
        71708776.30796012,
        71708776.30796012,
        76489361.39515746,
        76489361.39515746,
        76489361.39515746,
        81269946.48235479,
        81269946.48235479,
        81269946.48235479,
        86050531.56955214,
        86050531.56955214,
        95611701.74394682,
        95611701.74394682,
        95611701.74394682,
        100392286.83114415,
        105172871.9183415,
        109953457.00553885,
        112343749.54913752,
        112343749.54913752
      ],
      "calibration_down": [
        -112343749.54913752,
        -112343749.54913752,
        -109953457.00553885,
        -105172871.9183415,
        -100392286.83114415,
        -95611701.74394682,
        -95611701.74394682,
        -95611701.74394682,
        -86050531.56955214,
        -86050531.56955214,
        -81269946.48235479,
        -81269946.48235479,
        -81269946.48235479,
        -76489361.39515746,
        -76489361.39515746,
        -76489361.39515746,
        -71708776.30796012,
        -71708776.30796012,
        -66928191.220762774,
        -66928191.220762774,
        -66928191.220762774,
        -62147606.13356543,
        -57367021.04636809,
        -57367021.04636809,
        -57367021.04636809,
        -52586435.95917075,
        -47805850.87197341,
        -43025265.78477607,
        -43025265.78477607,
        0
      ],
      "calib_up_low": [
        22946808.418547235,
        22946808.418547235,
        22946808.418547235,
        22946808.418547235,
        22946808.418547235,
        22946808.418547235,
        22946808.418547235,
        22946808.418547235,
        22946808.418547235,
        22946808.418547235,
        22946808.418547235,
        22946808.418547235,
        22946808.418547235,
        22946808.418547235,
        22946808.418547235,
        22946808.418547235,
        22946808.418547235,
        22946808.418547235,
        22946808.418547235,
        22946808.418547235,
        22946808.418547235,
        22946808.418547235,
        22946808.418547235,
        22946808.418547235,
        22946808.418547235,
        22946808.418547235,
        22946808.418547235,
        22946808.418547235,
        22946808.418547235,
        22946808.418547235
      ],
      "calib_up_high": [
        152978722.7903149,
        152978722.7903149,
        152978722.7903149,
        152978722.7903149,
        152978722.7903149,
        152978722.7903149,
        152978722.7903149,
        152978722.7903149,
        152978722.7903149,
        152978722.7903149,
        152978722.7903149,
        152978722.7903149,
        152978722.7903149,
        152978722.7903149,
        152978722.7903149,
        152978722.7903149,
        152978722.7903149,
        152978722.7903149,
        152978722.7903149,
        152978722.7903149,
        152978722.7903149,
        152978722.7903149,
        152978722.7903149,
        152978722.7903149,
        152978722.7903149,
        152978722.7903149,
        152978722.7903149,
        152978722.7903149,
        152978722.7903149,
        152978722.7903149
      ],
      "calib_down_low": [
        -152978722.7903149,
        -152978722.7903149,
        -152978722.7903149,
        -152978722.7903149,
        -152978722.7903149,
        -152978722.7903149,
        -152978722.7903149,
        -152978722.7903149,
        -152978722.7903149,
        -152978722.7903149,
        -152978722.7903149,
        -152978722.7903149,
        -152978722.7903149,
        -152978722.7903149,
        -152978722.7903149,
        -152978722.7903149,
        -152978722.7903149,
        -152978722.7903149,
        -152978722.7903149,
        -152978722.7903149,
        -152978722.7903149,
        -152978722.7903149,
        -152978722.7903149,
        -152978722.7903149,
        -152978722.7903149,
        -152978722.7903149,
        -152978722.7903149,
        -152978722.7903149,
        -152978722.7903149,
        -152978722.7903149
      ],
      "calib_down_high": [
        -22946808.418547235,
        -22946808.418547235,
        -22946808.418547235,
        -22946808.418547235,
        -22946808.418547235,
        -22946808.418547235,
        -22946808.418547235,
        -22946808.418547235,
        -22946808.418547235,
        -22946808.418547235,
        -22946808.418547235,
        -22946808.418547235,
        -22946808.418547235,
        -22946808.418547235,
        -22946808.418547235,
        -22946808.418547235,
        -22946808.418547235,
        -22946808.418547235,
        -22946808.418547235,
        -22946808.418547235,
        -22946808.418547235,
        -22946808.418547235,
        -22946808.418547235,
        -22946808.418547235,
        -22946808.418547235,
        -22946808.418547235,
        -22946808.418547235,
        -22946808.418547235,
        -22946808.418547235,
        -22946808.418547235
      ],
      "last_error_up": [
        0,
        0,
        0,
        0,
        0,
        0,
        0,
        0,
        0,
        0,
        0,
        0,
        0,
        0,
        0,
        0,
        0,
        0,
        0,
        9,
        -15,
        0,
        0,
        0,
        -1,
        0,
        0,
        0,
        0,
        0
      ],
      "last_error_down": [
        0,
        0,
        0,
        0,
        1,
        1,
        0,
        -1,
        0,
        0,
        0,
        0,
        0,
        0,
        0,
        0,
        0,
        0,
        0,
        0,
        0,
        0,
        0,
        0,
        0,
        0,
        0,
        0,
        0,
        0
      ]
    }
  },
  "saved_at": "2026-01-28T18:17:22-06:00"
}