{
  "version": 2,
  "material_name": "FeCIM HZO",
  "num_levels": 30,
  "calibrations": {
    "300": {
      "temperature_k": 300,
      "calibration_up": [
        0,
        23454745.584061954,
        24984532.811965104,
        26514320.039868254,
        28044107.267771404,
        31073803.066782717,
        39200797.7150182,
        43264295.03913593,
        47327792.363253675,
        55454787.01148915,
        59518284.335606895,
        63581781.65972464,
        67645278.98384237,
        71708776.30796012,
        75772273.63207786,
        79835770.9561956,
        83899268.28031334,
        87962765.60443108,
        92026262.92854881,
        96089760.25266656,
        100153257.5767843,
        104216754.90090203,
        112343749.54913752,
        116407246.87325525,
        120470744.197373,
        128597738.84560849,
        136724733.49384397,
        144851728.14207944,
        152470785.6248002,
        154000572.85270336
      ],
      "calibration_down": [
        -154000572.85270336,
        -152470785.6248002,
        -144851728.14207944,
        -136724733.49384397,
        -128597738.84560849,
        -120470744.197373,
        -116407246.87325525,
        -112343749.54913752,
        -104216754.90090203,
        -100153257.5767843,
        -96089760.25266656,
        -92026262.92854881,
        -87962765.60443108,
        -83899268.28031334,
        -79835770.9561956,
        -75772273.63207786,
        -71708776.30796012,
        -67645278.98384237,
        -63581781.65972464,
        -55454787.01148915,
        -51391289.68737142,
        -47327792.363253675,
        -43264295.03913593,
        -39200797.7150182,
        -31073803.066782717,
        -28044107.267771404,
        -26514320.039868254,
        -24984532.811965104,
        -23454745.584061954,
        0
      ],
      "calib_up_low": [
        22946808.418547235,
        22946808.418547235,
        22946808.418547235,
        22946808.418547235,
        22946808.418547235,
        22946808.418547235,
        22946808.418547235,
        39200797.7150182,
        39200797.7150182,
        22946808.418547235,
        55454787.01148915,
        55454787.01148915,
        63581781.65972464,
        55454787.01148915,
        71708776.30796012,
        71708776.30796012,
        79835770.9561956,
        22946808.418547235,
        87962765.60443108,
        87962765.60443108,
        96089760.25266656,
        87962765.60443108,
        104216754.90090203,
        112343749.54913752,
        87962765.60443108,
        120470744.197373,
        120470744.197373,
        136724733.49384397,
        152470785.6248002,
        152470785.6248002
      ],
      "calib_up_high": [
        152978722.7903149,
        23454745.584061954,
        23454745.584061954,
        23454745.584061954,
        31073803.066782717,
        39200797.7150182,
        55454787.01148915,
        47327792.363253675,
        55454787.01148915,
        87962765.60443108,
        63581781.65972464,
        71708776.30796012,
        71708776.30796012,
        87962765.60443108,
        79835770.9561956,
        87962765.60443108,
        87962765.60443108,
        152978722.7903149,
        96089760.25266656,
        104216754.90090203,
        104216754.90090203,
        120470744.197373,
        120470744.197373,
        120470744.197373,
        152978722.7903149,
        136724733.49384397,
        152978722.7903149,
        152978722.7903149,
        152978722.7903149,
        152978722.7903149
      ],
      "calib_down_low": [
        -152978722.7903149,
        -152978722.7903149,
        -152978722.7903149,
        -152978722.7903149,
        -136724733.49384397,
        -152978722.7903149,
        -120470744.197373,
        -120470744.197373,
        -120470744.197373,
        -104216754.90090203,
        -104216754.90090203,
        -96089760.25266656,
        -152978722.7903149,
        -87962765.60443108,
        -87962765.60443108,
        -79835770.9561956,
        -87962765.60443108,
        -71708776.30796012,
        -71708776.30796012,
        -87962765.60443108,
        -55454787.01148915,
        -55454787.01148915,
        -47327792.363253675,
        -55454787.01148915,
        -39200797.7150182,
        -31073803.066782717,
        -23454745.584061954,
        -23454745.584061954,
        -23454745.584061954,
        -152978722.7903149
      ],
      "calib_down_high": [
        -152470785.6248002,
        -152470785.6248002,
        -136724733.49384397,
        -120470744.197373,
        -120470744.197373,
        -87962765.60443108,
        -112343749.54913752,
        -104216754.90090203,
        -87962765.60443108,
        -96089760.25266656,
        -87962765.60443108,
        -87962765.60443108,
        -22946808.418547235,
        -79835770.9561956,
        -71708776.30796012,
        -71708776.30796012,
        -55454787.01148915,
        -63581781.65972464,
        -55454787.01148915,
        -22946808.418547235,
        -47327792.363253675,
        -39200797.7150182,
        -39200797.7150182,
        -22946808.418547235,
        -22946808.418547235,
        -22946808.418547235,
        -22946808.418547235,
        -22946808.418547235,
        -22946808.418547235,
        -22946808.418547235
      ],
      "last_error_up": [
        0,
        0,
        0,
        0,
        0,
        0,
        0,
        0,
        0,
        0,
        0,
        0,
        0,
        0,
        0,
        0,
        0,
        0,
        0,
        0,
        0,
        0,
        0,
        0,
        0,
        0,
        0,
        0,
        0,
        0
      ],
      "last_error_down": [
        0,
        0,
        0,
        0,
        0,
        0,
        0,
        0,
        0,
        0,
        0,
        0,
        0,
        0,
        0,
        0,
        0,
        0,
        0,
        0,
        0,
        0,
        0,
        0,
        0,
        0,
        0,
        0,
        0,
        0
      ],
      "relax_comp_up": [
        0,
        0.006658739595719382,
        0.012841854934601665,
        0.01854934601664685,
        0.023781212841854932,
        0.028537455410225926,
        0.03281807372175981,
        0.0366230677764566,
        0.03995243757431629,
        0.04280618311533889,
        0.04518430439952438,
        0.04708680142687277,
        0.048513674197384074,
        0.04946492271105827,
        0.04994054696789536,
        0.04994054696789536,
        0.04946492271105826,
        0.048513674197384074,
        0.04708680142687277,
        0.04518430439952438,
        0.04280618311533888,
        0.039952437574316296,
        0.0366230677764566,
        0.03281807372175981,
        0.028537455410225922,
        0.023781212841854946,
        0.01854934601664685,
        0.01284185493460167,
        0.006658739595719374,
        0
      ],
      "relax_comp_down": [
        0,
        0.006658739595719382,
        0.012841854934601665,
        0.01854934601664685,
        0.023781212841854932,
        0.028537455410225926,
        0.03281807372175981,
        0.0366230677764566,
        0.03995243757431629,
        0.04280618311533889,
        0.04518430439952438,
        0.04708680142687277,
        0.048513674197384074,
        0.04946492271105827,
        0.04994054696789536,
        0.04994054696789536,
        0.04946492271105826,
        0.048513674197384074,
        0.04708680142687277,
        0.04518430439952438,
        0.04280618311533888,
        0.039952437574316296,
        0.0366230677764566,
        0.03281807372175981,
        0.028537455410225922,
        0.023781212841854946,
        0.01854934601664685,
        0.01284185493460167,
        0.006658739595719374,
        0
      ]
    }
  },
  "saved_at": "2026-01-29T21:46:07-06:00"
}
