{
  "version": 2,
  "material_name": "HZO (Si-doped)",
  "num_levels": 30,
  "calibrations": {
    "300": {
      "temperature_k": 300,
      "calibration_up": [
        0,
        28145694.700874344,
        29981439.37435812,
        31817184.0478419,
        33652928.72132568,
        37898088.27875692,
        45212383.46216884,
        52526678.64558078,
        58621924.63175739,
        63498121.42069869,
        69593367.40687528,
        74469564.19581658,
        80564810.1819932,
        84221957.77369915,
        89098154.56264044,
        95193400.54881705,
        98850548.14052302,
        103726744.9294643,
        109821990.9156409,
        115917236.90181752,
        120793433.69075881,
        126888679.67693542,
        131764876.46587671,
        139079171.64928865,
        146393466.83270055,
        156145860.41058314,
        164679204.79123038,
        178088745.96081895,
        182964942.7497602,
        300000000
      ],
      "calibration_down": [
        -185822086.19872347,
        -183422086.19872347,
        -175955409.8656571,
        -163460155.5939951,
        -152488712.81887722,
        -142736319.24099463,
        -134202974.86034735,
        -126888679.67693542,
        -120793433.69075881,
        -113479138.50734687,
        -107383892.52117027,
        -100069597.33775835,
        -95193400.54881705,
        -89098154.56264044,
        -81783859.37922852,
        -76907662.59028722,
        -69593367.40687528,
        -62279072.22346336,
        -56183826.23728675,
        -47650481.85663949,
        -42831652.08874459,
        -40995907.41526081,
        -39160162.741777025,
        -37324418.06829324,
        -35488673.39480946,
        -33652928.72132568,
        -31817184.0478419,
        -29981439.37435812,
        -28145694.700874344,
        0
      ],
      "calib_up_low": [
        27536170.10225668,
        27536170.10225668,
        27536170.10225668,
        27536170.10225668,
        29974268.496727325,
        37288563.68013926,
        44602858.863551185,
        52526678.64558078,
        58012400.03313973,
        63498121.42069869,
        68983842.80825762,
        74469564.19581658,
        79955285.58337554,
        83612433.17508149,
        89098154.56264044,
        94583875.9501994,
        98241023.54190536,
        103726744.9294643,
        109212466.31702325,
        115307712.30319986,
        120793433.69075881,
        126279155.07831776,
        131764876.46587671,
        139079171.64928865,
        146393466.83270055,
        155536335.8119655,
        164679204.79123038,
        177479221.36220127,
        182964942.7497602,
        300000000
      ],
      "calib_up_high": [
        183574467.34837788,
        28145694.700874344,
        28145694.700874344,
        28145694.700874344,
        30583793.095344987,
        37898088.27875692,
        45212383.46216884,
        53136203.24419844,
        58621924.63175739,
        64107646.019316345,
        69593367.40687528,
        75079088.79443425,
        80564810.1819932,
        84221957.77369915,
        89707679.1612581,
        95193400.54881705,
        98850548.14052302,
        104336269.52808195,
        109821990.9156409,
        115917236.90181752,
        121402958.28937647,
        126888679.67693542,
        132374401.06449437,
        139688696.2479063,
        147002991.43131822,
        156145860.41058314,
        165288729.38984805,
        178088745.96081895,
        183574467.34837788,
        183574467.34837788
      ],
      "calib_down_low": [
        -183574467.34837788,
        -183574467.34837788,
        -176260172.16496593,
        -163460155.5939951,
        -152488712.81887722,
        -143345843.83961228,
        -134202974.86034735,
        -126888679.67693542,
        -121402958.28937647,
        -113479138.50734687,
        -107993417.11978793,
        -100679121.936376,
        -95193400.54881705,
        -89707679.1612581,
        -82393383.97784618,
        -76907662.59028722,
        -69593367.40687528,
        -62279072.22346336,
        -56793350.835904405,
        -47650481.85663949,
        -37898088.27875692,
        -28755219.299492,
        -28145694.700874344,
        -28145694.700874344,
        -28145694.700874344,
        -28145694.700874344,
        -28145694.700874344,
        -28145694.700874344,
        -28145694.700874344,
        -183574467.34837788
      ],
      "calib_down_high": [
        -182964942.7497602,
        -183269705.04906905,
        -175650647.56634825,
        -162850630.99537742,
        -151879188.22025955,
        -142736319.24099463,
        -133593450.26172969,
        -126279155.07831776,
        -120793433.69075881,
        -112869613.90872921,
        -107383892.52117027,
        -100069597.33775835,
        -94583875.9501994,
        -89098154.56264044,
        -81783859.37922852,
        -76298137.99166957,
        -68983842.80825762,
        -61669547.6248457,
        -56183826.23728675,
        -47040957.25802183,
        -37288563.68013926,
        -28145694.700874344,
        -27536170.10225668,
        -27536170.10225668,
        -27536170.10225668,
        -27536170.10225668,
        -27536170.10225668,
        -27536170.10225668,
        -27536170.10225668,
        -27536170.10225668
      ],
      "last_error_up": [
        0,
        0,
        0,
        0,
        0,
        0,
        0,
        0,
        0,
        0,
        0,
        0,
        0,
        0,
        0,
        0,
        0,
        0,
        0,
        0,
        0,
        0,
        0,
        0,
        0,
        0,
        0,
        0,
        0,
        -2
      ],
      "last_error_down": [
        0,
        20,
        18,
        0,
        0,
        0,
        0,
        0,
        0,
        0,
        0,
        0,
        0,
        0,
        0,
        0,
        0,
        0,
        0,
        0,
        0,
        0,
        0,
        0,
        0,
        0,
        0,
        0,
        0,
        0
      ],
      "relax_comp_up": [
        0,
        0.006658739595719382,
        0.012841854934601665,
        0.01854934601664685,
        0.023781212841854932,
        0.028537455410225926,
        0.03281807372175981,
        0.0366230677764566,
        0.03995243757431629,
        0.04280618311533889,
        0.04518430439952438,
        0.04708680142687277,
        0.048513674197384074,
        0.04946492271105827,
        0.04994054696789536,
        0.04994054696789536,
        0.04946492271105826,
        0.048513674197384074,
        0.04708680142687277,
        0.04518430439952438,
        0.04280618311533888,
        0.039952437574316296,
        0.0366230677764566,
        0.03281807372175981,
        0.028537455410225922,
        0.023781212841854946,
        0.01854934601664685,
        0.01284185493460167,
        0.006658739595719374,
        0.25
      ],
      "relax_comp_down": [
        0,
        0.25,
        0.022841854934601665,
        0.01854934601664685,
        0.023781212841854932,
        0.028537455410225926,
        0.03281807372175981,
        0.0366230677764566,
        0.03995243757431629,
        0.04280618311533889,
        0.04518430439952438,
        0.04708680142687277,
        0.048513674197384074,
        0.04946492271105827,
        0.04994054696789536,
        0.04994054696789536,
        0.04946492271105826,
        0.048513674197384074,
        0.04708680142687277,
        0.04518430439952438,
        0.04280618311533888,
        0.039952437574316296,
        0.0366230677764566,
        0.03281807372175981,
        0.028537455410225922,
        0.023781212841854946,
        0.01854934601664685,
        0.01284185493460167,
        0.006658739595719374,
        0
      ]
    }
  },
  "saved_at": "2026-01-29T15:37:05-06:00"
}