{
  "version": 2,
  "material_name": "HZO (Si-doped)",
  "num_levels": 30,
  "calibrations": {
    "300": {
      "temperature_k": 300,
      "calibration_up": [
        0,
        46610704.60017407,
        48446449.27365785,
        50282193.94714163,
        52117938.620625414,
        53953683.294109195,
        55789427.96759298,
        57367021.046368085,
        63103723.151004896,
        68840425.2556417,
        74577127.36027852,
        80313829.46491532,
        82149574.1383991,
        86050531.56955212,
        91787233.67418894,
        93622978.34767272,
        97523935.77882574,
        103260637.88346255,
        105096382.55694632,
        114734042.09273617,
        120470744.19737297,
        134896551.72413793,
        136732296.39762172,
        138568041.0711055,
        140403785.7445893,
        142239530.4180731,
        144075275.09155688,
        159724137.93103448,
        163862068.96551725,
        165697813.63900104
      ],
      "calibration_down": [
        -165697813.63900104,
        -163862068.96551725,
        -159724137.93103448,
        -150981834.17455378,
        -149146089.50107,
        -147310344.8275862,
        -143172413.79310343,
        -139034482.7586207,
        -134896551.72413793,
        -130758620.68965517,
        -126620689.65517242,
        -97523935.77882574,
        -93622978.34767272,
        -91787233.67418894,
        -86050531.56955212,
        -80313829.46491532,
        -74577127.36027852,
        -68840425.2556417,
        -64968151.335011885,
        -63132406.6615281,
        -61296661.98804432,
        -59460917.31456054,
        -57625172.64107676,
        -55789427.96759298,
        -53953683.294109195,
        -52117938.620625414,
        -50282193.94714163,
        -48446449.27365785,
        -46610704.60017407,
        0
      ],
      "calib_up_low": [
        27536170.10225668,
        27536170.10225668,
        27536170.10225668,
        27536170.10225668,
        27536170.10225668,
        27536170.10225668,
        27536170.10225668,
        27536170.10225668,
        27536170.10225668,
        27536170.10225668,
        27536170.10225668,
        27536170.10225668,
        27536170.10225668,
        27536170.10225668,
        27536170.10225668,
        27536170.10225668,
        27536170.10225668,
        27536170.10225668,
        27536170.10225668,
        27536170.10225668,
        27536170.10225668,
        27536170.10225668,
        27536170.10225668,
        27536170.10225668,
        27536170.10225668,
        27536170.10225668,
        27536170.10225668,
        140319733.47941637,
        142155478.15290016,
        27536170.10225668
      ],
      "calib_up_high": [
        183574467.34837788,
        183574467.34837788,
        183574467.34837788,
        183574467.34837788,
        183574467.34837788,
        183574467.34837788,
        183574467.34837788,
        183574467.34837788,
        183574467.34837788,
        183574467.34837788,
        183574467.34837788,
        183574467.34837788,
        183574467.34837788,
        183574467.34837788,
        183574467.34837788,
        183574467.34837788,
        183574467.34837788,
        183574467.34837788,
        183574467.34837788,
        183574467.34837788,
        183574467.34837788,
        126207446.30200979,
        183574467.34837788,
        183574467.34837788,
        183574467.34837788,
        183574467.34837788,
        183574467.34837788,
        183574467.34837788,
        183574467.34837788,
        183574467.34837788
      ],
      "calib_down_low": [
        -183574467.34837788,
        -142155478.15290016,
        -140319733.47941637,
        -183574467.34837788,
        -183574467.34837788,
        -134812499.458965,
        -131944148.4066466,
        -126207446.30200979,
        -120470744.19737297,
        -114734042.09273617,
        -103260637.88346255,
        -183574467.34837788,
        -183574467.34837788,
        -183574467.34837788,
        -183574467.34837788,
        -183574467.34837788,
        -183574467.34837788,
        -183574467.34837788,
        -183574467.34837788,
        -183574467.34837788,
        -183574467.34837788,
        -183574467.34837788,
        -183574467.34837788,
        -183574467.34837788,
        -183574467.34837788,
        -183574467.34837788,
        -183574467.34837788,
        -183574467.34837788,
        -183574467.34837788,
        -183574467.34837788
      ],
      "calib_down_high": [
        -27536170.10225668,
        -27536170.10225668,
        -27536170.10225668,
        -27536170.10225668,
        -27536170.10225668,
        -27536170.10225668,
        -27536170.10225668,
        -27536170.10225668,
        -27536170.10225668,
        -27536170.10225668,
        -126620689.65517242,
        -27536170.10225668,
        -27536170.10225668,
        -27536170.10225668,
        -27536170.10225668,
        -27536170.10225668,
        -27536170.10225668,
        -27536170.10225668,
        -27536170.10225668,
        -27536170.10225668,
        -27536170.10225668,
        -27536170.10225668,
        -27536170.10225668,
        -27536170.10225668,
        -27536170.10225668,
        -27536170.10225668,
        -27536170.10225668,
        -27536170.10225668,
        -27536170.10225668,
        -27536170.10225668
      ],
      "last_error_up": [
        0,
        0,
        0,
        0,
        0,
        0,
        0,
        0,
        0,
        0,
        0,
        0,
        0,
        0,
        0,
        0,
        0,
        0,
        0,
        7,
        3,
        3,
        2,
        6,
        1,
        1,
        0,
        -2,
        -3,
        0
      ],
      "last_error_down": [
        4,
        6,
        5,
        -2,
        -4,
        3,
        3,
        1,
        3,
        3,
        -1,
        0,
        0,
        0,
        0,
        0,
        0,
        0,
        0,
        0,
        0,
        0,
        0,
        0,
        0,
        0,
        0,
        0,
        0,
        0
      ]
    }
  },
  "saved_at": "2026-01-28T19:03:54-06:00"
}