{
  "version": 2,
  "material_name": "HZO (Si-doped)",
  "num_levels": 30,
  "calibrations": {
    "300": {
      "temperature_k": 300,
      "calibration_up": [
        0,
        28145694.700874344,
        29981439.37435812,
        31817184.0478419,
        33652928.72132568,
        37288563.68013926,
        47040957.25802183,
        51917154.04696312,
        56793350.835904405,
        66545744.413786985,
        71421941.20272827,
        76298137.99166957,
        81174334.78061086,
        86050531.56955214,
        90926728.35849342,
        95802925.14743471,
        100679121.936376,
        105555318.72531728,
        110431515.51425856,
        115307712.30319986,
        120183909.09214115,
        125060105.88108245,
        134812499.458965,
        139688696.2479063,
        144564893.0368476,
        154317286.61473018,
        164069680.19261274,
        173822073.7704953,
        182964942.7497602,
        184800687.423244
      ],
      "calibration_down": [
        -184800687.423244,
        -182964942.7497602,
        -173822073.7704953,
        -164069680.19261274,
        -154317286.61473018,
        -144564893.0368476,
        -139688696.2479063,
        -134812499.458965,
        -125060105.88108245,
        -120183909.09214115,
        -115307712.30319986,
        -110431515.51425856,
        -105555318.72531728,
        -100679121.936376,
        -95802925.14743471,
        -90926728.35849342,
        -86050531.56955214,
        -81174334.78061086,
        -76298137.99166957,
        -66545744.413786985,
        -61669547.6248457,
        -56793350.835904405,
        -51917154.04696312,
        -47040957.25802183,
        -37288563.68013926,
        -33652928.72132568,
        -31817184.0478419,
        -29981439.37435812,
        -28145694.700874344,
        0
      ],
      "calib_up_low": [
        27536170.10225668,
        27536170.10225668,
        27536170.10225668,
        27536170.10225668,
        27536170.10225668,
        27536170.10225668,
        27536170.10225668,
        47040957.25802183,
        47040957.25802183,
        27536170.10225668,
        66545744.413786985,
        66545744.413786985,
        76298137.99166957,
        66545744.413786985,
        86050531.56955214,
        86050531.56955214,
        95802925.14743471,
        27536170.10225668,
        105555318.72531728,
        105555318.72531728,
        115307712.30319986,
        105555318.72531728,
        125060105.88108245,
        134812499.458965,
        105555318.72531728,
        144564893.0368476,
        144564893.0368476,
        164069680.19261274,
        182964942.7497602,
        182964942.7497602
      ],
      "calib_up_high": [
        183574467.34837788,
        28145694.700874344,
        28145694.700874344,
        28145694.700874344,
        37288563.68013926,
        47040957.25802183,
        66545744.413786985,
        56793350.835904405,
        66545744.413786985,
        105555318.72531728,
        76298137.99166957,
        86050531.56955214,
        86050531.56955214,
        105555318.72531728,
        95802925.14743471,
        105555318.72531728,
        105555318.72531728,
        183574467.34837788,
        115307712.30319986,
        125060105.88108245,
        125060105.88108245,
        144564893.0368476,
        144564893.0368476,
        144564893.0368476,
        183574467.34837788,
        164069680.19261274,
        183574467.34837788,
        183574467.34837788,
        183574467.34837788,
        183574467.34837788
      ],
      "calib_down_low": [
        -183574467.34837788,
        -183574467.34837788,
        -183574467.34837788,
        -183574467.34837788,
        -164069680.19261274,
        -183574467.34837788,
        -144564893.0368476,
        -144564893.0368476,
        -144564893.0368476,
        -125060105.88108245,
        -125060105.88108245,
        -115307712.30319986,
        -183574467.34837788,
        -105555318.72531728,
        -105555318.72531728,
        -95802925.14743471,
        -105555318.72531728,
        -86050531.56955214,
        -86050531.56955214,
        -105555318.72531728,
        -66545744.413786985,
        -66545744.413786985,
        -56793350.835904405,
        -66545744.413786985,
        -47040957.25802183,
        -37288563.68013926,
        -28145694.700874344,
        -28145694.700874344,
        -28145694.700874344,
        -183574467.34837788
      ],
      "calib_down_high": [
        -182964942.7497602,
        -182964942.7497602,
        -164069680.19261274,
        -144564893.0368476,
        -144564893.0368476,
        -105555318.72531728,
        -134812499.458965,
        -125060105.88108245,
        -105555318.72531728,
        -115307712.30319986,
        -105555318.72531728,
        -105555318.72531728,
        -27536170.10225668,
        -95802925.14743471,
        -86050531.56955214,
        -86050531.56955214,
        -66545744.413786985,
        -76298137.99166957,
        -66545744.413786985,
        -27536170.10225668,
        -56793350.835904405,
        -47040957.25802183,
        -47040957.25802183,
        -27536170.10225668,
        -27536170.10225668,
        -27536170.10225668,
        -27536170.10225668,
        -27536170.10225668,
        -27536170.10225668,
        -27536170.10225668
      ],
      "last_error_up": [
        0,
        0,
        0,
        0,
        0,
        0,
        0,
        0,
        0,
        0,
        0,
        0,
        0,
        0,
        0,
        0,
        0,
        0,
        0,
        0,
        0,
        0,
        0,
        0,
        0,
        0,
        0,
        0,
        0,
        0
      ],
      "last_error_down": [
        0,
        0,
        0,
        0,
        0,
        0,
        0,
        0,
        0,
        0,
        0,
        0,
        0,
        0,
        0,
        0,
        0,
        0,
        0,
        0,
        0,
        0,
        0,
        0,
        0,
        0,
        0,
        0,
        0,
        0
      ],
      "relax_comp_up": [
        0,
        0.006658739595719382,
        0.012841854934601665,
        0.01854934601664685,
        0.023781212841854932,
        0.028537455410225926,
        0.03281807372175981,
        0.0366230677764566,
        0.03995243757431629,
        0.04280618311533889,
        0.04518430439952438,
        0.04708680142687277,
        0.048513674197384074,
        0.04946492271105827,
        0.04994054696789536,
        0.04994054696789536,
        0.04946492271105826,
        0.048513674197384074,
        0.04708680142687277,
        0.04518430439952438,
        0.04280618311533888,
        0.039952437574316296,
        0.0366230677764566,
        0.03281807372175981,
        0.028537455410225922,
        0.023781212841854946,
        0.01854934601664685,
        0.01284185493460167,
        0.006658739595719374,
        0
      ],
      "relax_comp_down": [
        0,
        0.006658739595719382,
        0.012841854934601665,
        0.01854934601664685,
        0.023781212841854932,
        0.028537455410225926,
        0.03281807372175981,
        0.0366230677764566,
        0.03995243757431629,
        0.04280618311533889,
        0.04518430439952438,
        0.04708680142687277,
        0.048513674197384074,
        0.04946492271105827,
        0.04994054696789536,
        0.04994054696789536,
        0.04946492271105826,
        0.048513674197384074,
        0.04708680142687277,
        0.04518430439952438,
        0.04280618311533888,
        0.039952437574316296,
        0.0366230677764566,
        0.03281807372175981,
        0.028537455410225922,
        0.023781212841854946,
        0.01854934601664685,
        0.01284185493460167,
        0.006658739595719374,
        0
      ]
    }
  },
  "saved_at": "2026-01-29T12:21:59-06:00"
}