{
  "version": 2,
  "material_name": "HZO Standard (32 states)",
  "num_levels": 32,
  "calibrations": {
    "300": {
      "temperature_k": 300,
      "calibration_up": [
        0,
        23454745.584061954,
        24984532.811965104,
        26514320.039868254,
        28044107.267771404,
        29573894.495674554,
        35645237.55641517,
        40724609.21156235,
        45803980.86670952,
        49867478.190827265,
        54946849.84597444,
        59010347.17009218,
        64089718.82523935,
        67137341.81832767,
        71200839.1424454,
        74248462.1355337,
        79327833.79068089,
        82375456.78376919,
        86438954.10788693,
        89486577.10097523,
        94565948.75612241,
        99645320.41126958,
        103708817.73538733,
        108788189.39053449,
        112851686.71465224,
        117931058.3697994,
        124026304.35597603,
        131137424.67318207,
        139264419.32141757,
        151454911.2937708,
        152984698.52167395,
        154514485.7495771
      ],
      "calibration_down": [
        -154000572.85270336,
        -152470785.6248002,
        -149423162.6317119,
        -139264419.32141757,
        -131137424.67318207,
        -125042178.68700546,
        -118946932.70082885,
        -112851686.71465224,
        -108788189.39053449,
        -103708817.73538733,
        -99645320.41126958,
        -94565948.75612241,
        -89486577.10097523,
        -86438954.10788693,
        -82375456.78376919,
        -77296085.12862201,
        -74248462.1355337,
        -70184964.81141597,
        -67137341.81832767,
        -62057970.163180485,
        -57994472.83906274,
        -54946849.84597444,
        -49867478.190827265,
        -45803980.86670952,
        -39708734.88053291,
        -34629363.22538574,
        -29573894.495674554,
        -28044107.267771404,
        -26514320.039868254,
        -24984532.811965104,
        -23454745.584061954,
        0
      ],
      "calib_up_low": [
        22946808.418547235,
        22946808.418547235,
        22946808.418547235,
        22946808.418547235,
        22946808.418547235,
        29549991.570238564,
        35645237.55641517,
        40724609.21156235,
        45296043.70119481,
        49867478.190827265,
        54438912.68045972,
        59010347.17009218,
        63581781.65972464,
        66629404.65281294,
        71200839.1424454,
        74248462.1355337,
        78819896.62516616,
        81867519.61825447,
        86438954.10788693,
        89486577.10097523,
        94058011.59060769,
        99137383.24575487,
        103708817.73538733,
        108280252.22501978,
        112851686.71465224,
        117423121.2042847,
        123518367.19046131,
        131137424.67318207,
        138756482.15590283,
        150946974.12825605,
        152470785.6248002,
        152470785.6248002
      ],
      "calib_up_high": [
        152978722.7903149,
        23454745.584061954,
        23454745.584061954,
        23454745.584061954,
        23454745.584061954,
        30057928.735753283,
        36153174.72192989,
        41232546.377077065,
        45803980.86670952,
        50375415.35634198,
        54946849.84597444,
        59518284.335606895,
        64089718.82523935,
        67137341.81832767,
        71708776.30796012,
        74756399.30104843,
        79327833.79068089,
        82375456.78376919,
        86946891.27340165,
        89994514.26648995,
        94565948.75612241,
        99645320.41126958,
        104216754.90090203,
        108788189.39053449,
        113359623.88016695,
        117931058.3697994,
        124026304.35597603,
        131645361.8386968,
        139264419.32141757,
        151454911.2937708,
        152978722.7903149,
        152978722.7903149
      ],
      "calib_down_low": [
        -152978722.7903149,
        -152978722.7903149,
        -149931099.7972266,
        -139264419.32141757,
        -131645361.8386968,
        -125550115.85252018,
        -119454869.86634356,
        -113359623.88016695,
        -108788189.39053449,
        -104216754.90090203,
        -99645320.41126958,
        -94565948.75612241,
        -89994514.26648995,
        -86946891.27340165,
        -82375456.78376919,
        -77804022.29413673,
        -74756399.30104843,
        -70184964.81141597,
        -67137341.81832767,
        -62565907.3286952,
        -57994472.83906274,
        -54946849.84597444,
        -50375415.35634198,
        -45803980.86670952,
        -39708734.88053291,
        -34629363.22538574,
        -28534117.23920913,
        -23454745.584061954,
        -23454745.584061954,
        -23454745.584061954,
        -23454745.584061954,
        -152978722.7903149
      ],
      "calib_down_high": [
        -152470785.6248002,
        -152470785.6248002,
        -149423162.6317119,
        -138756482.15590283,
        -131137424.67318207,
        -125042178.68700546,
        -118946932.70082885,
        -112851686.71465224,
        -108280252.22501978,
        -103708817.73538733,
        -99137383.24575487,
        -94058011.59060769,
        -89486577.10097523,
        -86438954.10788693,
        -81867519.61825447,
        -77296085.12862201,
        -74248462.1355337,
        -69677027.64590125,
        -66629404.65281294,
        -62057970.163180485,
        -57486535.67354803,
        -54438912.68045972,
        -49867478.190827265,
        -45296043.70119481,
        -39200797.7150182,
        -34121426.05987102,
        -28026180.07369441,
        -22946808.418547235,
        -22946808.418547235,
        -22946808.418547235,
        -22946808.418547235,
        -22946808.418547235
      ],
      "last_error_up": [
        0,
        0,
        0,
        0,
        0,
        0,
        0,
        0,
        0,
        0,
        0,
        0,
        0,
        0,
        0,
        0,
        0,
        0,
        0,
        0,
        0,
        0,
        0,
        0,
        0,
        0,
        0,
        0,
        0,
        0,
        0,
        0
      ],
      "last_error_down": [
        0,
        0,
        0,
        0,
        0,
        0,
        0,
        0,
        0,
        0,
        0,
        0,
        0,
        0,
        0,
        0,
        0,
        0,
        0,
        0,
        0,
        0,
        0,
        0,
        0,
        0,
        0,
        0,
        0,
        0,
        0,
        0
      ],
      "relax_comp_up": [
        0,
        0.0062434963579604584,
        0.012070759625390219,
        0.01748178980228928,
        0.022476586888657647,
        0.027055150884495317,
        0.031217481789802288,
        0.03496357960457857,
        0.038293444328824144,
        0.04120707596253903,
        0.043704474505723206,
        0.045785639958376693,
        0.047450572320499484,
        0.048699271592091566,
        0.049531737773152965,
        0.04994797086368367,
        0.04994797086368367,
        0.04953173777315297,
        0.04869927159209157,
        0.047450572320499484,
        0.045785639958376693,
        0.043704474505723206,
        0.041207075962539017,
        0.038293444328824144,
        0.03496357960457857,
        0.031217481789802295,
        0.027055150884495314,
        0.022476586888657647,
        0.017481789802289288,
        0.01207075962539023,
        0.006243496357960453,
        0
      ],