{
  "version": 2,
  "material_name": "HZO (Si-doped)",
  "num_levels": 30,
  "calibrations": {
    "300": {
      "temperature_k": 300,
      "calibration_up": [
        -16800000,
        -14400000,
        -12000000,
        -9600000,
        -7200000,
        -4800000,
        -2400000,
        0,
        2400000,
        4800000,
        7200000,
        9600000,
        12000000,
        14400000,
        16800000,
        19200000,
        21600000,
        24000000,
        26400000,
        105600000,
        108000000,
        126279155.10456654,
        128679155.32536514,
        131079155.32536514,
        140841098.1112743,
        155841098.1112743,
        164983967.09053922,
        177783983.6615101,
        183269705.04906905,
        300000000
      ],
      "calibration_down": [
        -185898276.7735507,
        -183498276.7735507,
        -175955409.8656571,
        -163460155.5939951,
        -152488712.81887722,
        -142736319.24099463,
        -134202974.86034735,
        -126888679.67693542,
        -120866452.83290882,
        -113479138.50734687,
        -107383892.52117027,
        -100374359.63706717,
        -95193400.54881705,
        -89698155.3394047,
        -81783859.37922852,
        -76907662.59028722,
        -69593367.40687528,
        -62279072.22346336,
        -56183826.23728675,
        -47650481.85663949,
        -42831652.08874459,
        -40995907.41526081,
        -39160162.741777025,
        -37324418.06829324,
        -35488673.39480946,
        -33652928.72132568,
        -31817184.0478419,
        -29981439.37435812,
        -28145694.700874344,
        0
      ],
      "calib_up_low": [
        27536170.10225668,
        27536170.10225668,
        27536170.10225668,
        27536170.10225668,
        29974268.496727325,
        37288563.68013926,
        44602858.863551185,
        52526678.64558078,
        58012400.03313973,
        63498121.42069869,
        68983842.80825762,
        74469564.19581658,
        79955285.58337554,
        83612433.17508149,
        89098154.56264044,
        94583875.9501994,
        98241023.54190536,
        103726744.9294643,
        109212466.31702325,
        115308724.20927179,
        120793433.69075881,
        126279155.07831776,
        131764876.46587671,
        139079171.64928865,
        147441098.1112743,
        155536335.8119655,
        164679204.79123038,
        177479221.36220127,
        182964942.7497602,
        300000000
      ],
      "calib_up_high": [
        183574467.34837788,
        28145694.700874344,
        28145694.700874344,
        28145694.700874344,
        30583793.095344987,
        37898088.27875692,
        45212383.46216884,
        53136203.24419844,
        58621924.63175739,
        64107646.019316345,
        69593367.40687528,
        75079088.79443425,
        80564810.1819932,
        84221957.77369915,
        89707679.1612581,
        95193400.54881705,
        98850548.14052302,
        104336269.52808195,
        109821990.9156409,
        115309736.1153437,
        117726759.94690666,
        126279155.13081533,
        70679171.64928864,
        109079171.64928864,
        146393466.83270055,
        156145860.41058314,
        165288729.38984805,
        178088745.96081895,
        183574467.34837788,
        183574467.34837788
      ],
      "calib_down_low": [
        -183574467.34837788,
        -183574467.34837788,
        -176260172.16496593,
        -163460155.5939951,
        -152488712.81887722,
        -143345843.83961228,
        -134202974.86034735,
        -126888679.67693542,
        -120867909.9776524,
        -113479138.50734687,
        -107993417.11978793,
        -100679121.936376,
        -95193400.54881705,
        -89707679.1612581,
        -82393383.97784618,
        -76907662.59028722,
        -69593367.40687528,
        -62279072.22346336,
        -56793350.835904405,
        -47650481.85663949,
        -37898088.27875692,
        -28755219.299492,
        -28145694.700874344,
        -28145694.700874344,
        -28145694.700874344,
        -28145694.700874344,
        -28145694.700874344,
        -28145694.700874344,
        -28145694.700874344,
        -183574467.34837788
      ],
      "calib_down_high": [
        -182964942.7497602,
        -183422086.19872347,
        -175650647.56634825,
        -162850630.99537742,
        -151879188.22025955,
        -142736319.24099463,
        -133593450.26172969,
        -126279155.07831776,
        -120858195.67936194,
        -112869613.90872921,
        -107383892.52117027,
        -100069597.33775835,
        -94583875.9501994,
        -89688631.5175513,
        -81783859.37922852,
        -76298137.99166957,
        -68983842.80825762,
        -61669547.6248457,
        -56183826.23728675,
        -47040957.25802183,
        -37288563.68013926,
        -28145694.700874344,
        -27536170.10225668,
        -27536170.10225668,
        -27536170.10225668,
        -27536170.10225668,
        -27536170.10225668,
        -27536170.10225668,
        -27536170.10225668,
        -27536170.10225668
      ],
      "last_error_up": [
        0,
        0,
        0,
        0,
        0,
        0,
        0,
        0,
        0,
        0,
        0,
        0,
        0,
        0,
        0,
        0,
        0,
        0,
        0,
        -4,
        -1,
        1,
        -1,
        1,
        1,
        1,
        1,
        2,
        -1,
        -2
      ],
      "last_error_down": [
        0,
        28,
        18,
        0,
        0,
        0,
        0,
        0,
        -3,
        0,
        0,
        1,
        0,
        1,
        0,
        0,
        0,
        0,
        0,
        0,
        0,
        0,
        0,
        0,
        0,
        0,
        0,
        0,
        0,
        0
      ],
      "relax_comp_up": [
        0,
        0.006658739595719382,
        0.012841854934601665,
        0.01854934601664685,
        0.023781212841854932,
        0.028537455410225926,
        0.03281807372175981,
        0.0366230677764566,
        0.03995243757431629,
        0.04280618311533889,
        0.04518430439952438,
        0.04708680142687277,
        0.048513674197384074,
        0.04946492271105827,
        0.04994054696789536,
        0.04994054696789536,
        0.04946492271105826,
        0.048513674197384074,
        0.04708680142687277,
        0.1051843043995243,
        0.042806183115338875,
        0.009952437574316174,
        0.12662306777645654,
        0.06881807372175977,
        0.022537455410225917,
        0.005781212841854943,
        0.012549346016646847,
        0.0008418549346016699,
        0.012658739595719374,
        0.25
      ],
      "relax_comp_down": [
        0,
        0.25,
        0.022841854934601665,
        0.01854934601664685,
        0.023781212841854932,
        0.028537455410225926,
        0.03281807372175981,
        0.0366230677764566,
        0.16595243757431627,
        0.04280618311533889,
        0.04518430439952438,
        0.05308680142687276,
        0.048513674197384074,
        0.08546492271105827,
        0.04994054696789536,
        0.04994054696789536,
        0.04946492271105826,
        0.048513674197384074,
        0.04708680142687277,
        0.04518430439952438,
        0.04280618311533888,
        0.039952437574316296,
        0.0366230677764566,
        0.03281807372175981,
        0.028537455410225922,
        0.023781212841854946,
        0.01854934601664685,
        0.01284185493460167,
        0.006658739595719374,
        0
      ]
    }
  },
  "saved_at": "2026-01-29T18:58:01-06:00"
}