{
  "version": 4,
  "material_name": "Literature Superlattice",
  "num_levels": 30,
  "target_range_frac": 0.805,
  "calibrations": {
    "300": {
      "temperature_k": 300,
      "calibration_up": [
        0,
        16326504.988993976,
        20596513.986115478,
        22731518.484676227,
        24866522.98323698,
        27001527.481797732,
        29136531.98035848,
        30204034.229638856,
        31271536.47891923,
        33406540.977479983,
        34474043.22676036,
        35541545.476040736,
        37676549.974601485,
        38744052.223881856,
        39811554.473162234,
        41946558.97172299,
        43014061.22100337,
        44081563.47028374,
        46216567.96884449,
        47284070.21812487,
        48351572.46740524,
        50486576.965965986,
        52621581.46452674,
        54756585.96308749,
        56891590.46164824,
        59026594.960209,
        61161599.458769746,
        63296603.957330495,
        67566612.954452,
        71836621.95157349
      ],
      "calibration_down": [
        -71836621.95157349,
        -67566612.954452,
        -63296603.957330495,
        -61161599.458769746,
        -59026594.960209,
        -54756585.96308749,
        -52621581.46452674,
        -51554079.215246364,
        -50486576.965965986,
        -48351572.46740524,
        -46216567.96884449,
        -45149065.71956411,
        -44200000,
        -41946558.97172299,
        -40879056.72244261,
        -39811554.473162234,
        -37676549.974601485,
        -36609047.725321114,
        -35541545.476040736,
        -33406540.977479983,
        -31271536.47891923,
        -30204034.229638856,
        -29136531.98035848,
        -27001527.481797732,
        -24866522.98323698,
        -22731518.484676227,
        -20596513.986115478,
        -16326504.988993976,
        -14191500.490433225,
        0
      ],
      "calib_up_low": [
        12056495.991872475,
        12056495.991872475,
        12056495.991872475,
        12056495.991872475,
        12056495.991872475,
        12056495.991872475,
        12056495.991872475,
        12056495.991872475,
        12056495.991872475,
        12056495.991872475,
        12056495.991872475,
        12056495.991872475,
        12056495.991872475,
        12056495.991872475,
        12056495.991872475,
        12056495.991872475,
        12056495.991872475,
        12056495.991872475,
        12056495.991872475,
        12056495.991872475,
        12056495.991872475,
        12056495.991872475,
        12056495.991872475,
        12056495.991872475,
        12056495.991872475,
        12056495.991872475,
        12056495.991872475,
        12056495.991872475,
        12056495.991872475,
        12056495.991872475
      ],
      "calib_up_high": [
        80376639.9458165,
        80376639.9458165,
        80376639.9458165,
        80376639.9458165,
        80376639.9458165,
        80376639.9458165,
        80376639.9458165,
        80376639.9458165,
        80376639.9458165,
        80376639.9458165,
        80376639.9458165,
        80376639.9458165,
        80376639.9458165,
        80376639.9458165,
        80376639.9458165,
        80376639.9458165,
        80376639.9458165,
        80376639.9458165,
        80376639.9458165,
        80376639.9458165,
        80376639.9458165,
        80376639.9458165,
        80376639.9458165,
        80376639.9458165,
        80376639.9458165,
        80376639.9458165,
        80376639.9458165,
        80376639.9458165,
        80376639.9458165,
        80376639.9458165
      ],
      "calib_down_low": [
        -80376639.9458165,
        -80376639.9458165,
        -80376639.9458165,
        -80376639.9458165,
        -80376639.9458165,
        -80376639.9458165,
        -80376639.9458165,
        -80376639.9458165,
        -80376639.9458165,
        -80376639.9458165,
        -80376639.9458165,
        -80376639.9458165,
        -80376639.9458165,
        -80376639.9458165,
        -80376639.9458165,
        -80376639.9458165,
        -80376639.9458165,
        -80376639.9458165,
        -80376639.9458165,
        -80376639.9458165,
        -80376639.9458165,
        -80376639.9458165,
        -80376639.9458165,
        -80376639.9458165,
        -80376639.9458165,
        -80376639.9458165,
        -80376639.9458165,
        -80376639.9458165,
        -80376639.9458165,
        -80376639.9458165
      ],
      "calib_down_high": [
        -12056495.991872475,
        -12056495.991872475,
        -12056495.991872475,
        -12056495.991872475,
        -12056495.991872475,
        -12056495.991872475,
        -12056495.991872475,
        -12056495.991872475,
        -12056495.991872475,
        -12056495.991872475,
        -12056495.991872475,
        -12056495.991872475,
        -12056495.991872475,
        -12056495.991872475,
        -12056495.991872475,
        -12056495.991872475,
        -12056495.991872475,
        -12056495.991872475,
        -12056495.991872475,
        -12056495.991872475,
        -12056495.991872475,
        -12056495.991872475,
        -12056495.991872475,
        -12056495.991872475,
        -12056495.991872475,
        -12056495.991872475,
        -12056495.991872475,
        -12056495.991872475,
        -12056495.991872475,
        -12056495.991872475
      ],
      "last_error_up": [
        0,
        0,
        0,
        0,
        0,
        0,
        0,
        0,
        0,
        0,
        0,
        0,
        0,
        0,
        0,
        0,
        0,
        0,
        0,
        0,
        0,
        0,
        0,
        0,
        0,
        0,
        0,
        0,
        0,
        0
      ],
      "last_error_down": [
        0,
        0,
        0,
        0,
        0,
        0,
        0,
        0,
        0,
        0,
        0,
        0,
        0,
        0,
        0,
        0,
        0,
        0,
        0,
        0,
        0,
        0,
        0,
        0,
        0,
        0,
        0,
        0,
        0,
        0
      ],
      "relax_comp_up": [
        0,
        0,
        0,
        0,
        0,
        0,
        0,
        0,
        0,
        0,
        0,
        0,
        0,
        0,
        0,
        0,
        0,
        0,
        0,
        0,
        0,
        0,
        0,
        0,
        0,
        0,
        0,
        0,
        0,
        0
      ],
      "relax_comp_down": [
        0,
        0,
        0,
        0,
        0,
        0,
        0,
        0,
        0,
        0,
        0,
        0,
        0,
        0,
        0,
        0,
        0,
        0,
        0,
        0,
        0,
        0,
        0,
        0,
        0,
        0,
        0,
        0,
        0,
        0
      ]
    }
  },
  "saved_at": "2026-02-14T13:25:13-06:00"
}