{
  "version": 2,
  "material_name": "Literature Superlattice",
  "num_levels": 64,
  "calibrations": {
    "300": {
      "temperature_k": 300,
      "calibration_up": [
        0,
        19936533.74645266,
        21236852.890170336,
        22537172.033888012,
        23837491.17760569,
        25137810.321323365,
        26438129.46504104,
        27738448.608758718,
        29038767.752476394,
        30339086.89619407,
        31639406.039911747,
        32939725.183629423,
        34240044.3273471,
        35540363.471064776,
        36840682.61478245,
        38141001.75850013,
        39441320.902217805,
        40741640.04593548,
        42041959.18965316,
        43682596.2342657,
        47136568.95976578,
        48436888.10348345,
        49737207.24720113,
        51037526.390918806,
        53181021.22939091,
        54481340.37310859,
        55781659.516826265,
        57498487.13626601,
        59225473.49901605,
        60952459.86176609,
        62679446.22451614,
        64406432.58726618,
        66133418.950016215,
        67860405.31276625,
        69587391.67551629,
        71314378.03826633,
        73041364.40101637,
        74341683.54473405,
        75642002.68845172,
        78222323.48926648,
        79522642.63298416,
        81676296.21476656,
        83403282.5775166,
        84703601.72123428,
        86003920.86495195,
        88584241.66576672,
        90311228.02851675,
        92038214.3912668,
        93765200.75401683,
        95492187.11676687,
        98946159.84226695,
        100673146.205017,
        102400132.56776704,
        105854105.29326713,
        109308078.01876721,
        112762050.74426728,
        116216023.46976736,
        119669996.19526744,
        123123968.92076752,
        126577941.6462676,
        129600167.78108016,
        130900486.92479783,
        132200806.06851551,
        133501125.21223319
      ],
      "calibration_down": [
        -133501125.21223319,
        -132200806.06851551,
        -130900486.92479783,
        -129600167.78108016,
        -126577941.6462676,
        -123123968.92076752,
        -119669996.19526744,
        -116216023.46976736,
        -112762050.74426728,
        -109308078.01876721,
        -105854105.29326713,
        -104127118.93051708,
        -102400132.56776704,
        -98946159.84226695,
        -95492187.11676687,
        -93765200.75401683,
        -92038214.3912668,
        -90311228.02851675,
        -88584241.66576672,
        -86857255.30301668,
        -85130268.94026664,
        -83403282.5775166,
        -81676296.21476656,
        -79522642.63298416,
        -78222323.48926648,
        -75642002.68845172,
        -74341683.54473405,
        -73041364.40101637,
        -71314378.03826633,
        -69587391.67551629,
        -67860405.31276625,
        -66133418.950016215,
        -64406432.58726618,
        -62679446.22451614,
        -60952459.86176609,
        -59225473.49901605,
        -57498487.13626601,
        -55771500.77351597,
        -54044514.41076593,
        -52317528.04801589,
        -50590541.685265854,
        -48863555.322515815,
        -47136568.95976578,
        -45409582.59701574,
        -43682596.2342657,
        -42041959.18965316,
        -40741640.04593548,
        -39441320.902217805,
        -38141001.75850013,
        -36840682.61478245,
        -35540363.471064776,
        -34240044.3273471,
        -32939725.183629423,
        -31639406.039911747,
        -30339086.89619407,
        -29038767.752476394,
        -27738448.608758718,
        -26438129.46504104,
        -25137810.321323365,
        -23837491.17760569,
        -22537172.033888012,
        -21236852.890170336,
        -19936533.74645266,
        0
      ],
      "calib_up_low": [
        19504787.15576515,
        19504787.15576515,
        19504787.15576515,
        19504787.15576515,
        19504787.15576515,
        19504787.15576515,
        19504787.15576515,
        19504787.15576515,
        19504787.15576515,
        19504787.15576515,
        22958759.88126523,
        19504787.15576515,
        26412732.606765307,
        29866705.332265384,
        19504787.15576515,
        33320678.05776546,
        36774650.783265546,
        33320678.05776546,
        40228623.50876562,
        40228623.50876562,
        19504787.15576515,
        47136568.95976578,
        47136568.95976578,
        47136568.95976578,
        52317528.04801589,
        47136568.95976578,
        54044514.41076593,
        54044514.41076593,
        57498487.13626601,
        47136568.95976578,
        60952459.86176609,
        60952459.86176609,
        64406432.58726618,
        60952459.86176609,
        67860405.31276625,
        67860405.31276625,
        71314378.03826633,
        73041364.40101637,
        19504787.15576515,
        74768350.76376641,
        78222323.48926648,
        74768350.76376641,
        81676296.21476656,
        83403282.5775166,
        81676296.21476656,
        74768350.76376641,
        88584241.66576672,
        88584241.66576672,
        92038214.3912668,
        88584241.66576672,
        95492187.11676687,
        98946159.84226695,
        74768350.76376641,
        102400132.56776704,
        102400132.56776704,
        109308078.01876721,
        102400132.56776704,
        116216023.46976736,
        116216023.46976736,
        123123968.92076752,
        129600167.78108016,
        129600167.78108016,
        129600167.78108016,
        129600167.78108016
      ],
      "calib_up_high": [
        130031914.37176767,
        19936533.74645266,
        19936533.74645266,
        19936533.74645266,
        19936533.74645266,
        19936533.74645266,
        19936533.74645266,
        19936533.74645266,
        21231773.518515192,
        26412732.606765307,
        26412732.606765307,
        33320678.05776546,
        33320678.05776546,
        33320678.05776546,
        47136568.95976578,
        40228623.50876562,
        40228623.50876562,
        47136568.95976578,
        43682596.2342657,
        47136568.95976578,
        74768350.76376641,
        48863555.322515815,
        50590541.685265854,
        54044514.41076593,
        54044514.41076593,
        60952459.86176609,
        57498487.13626601,
        60952459.86176609,
        60952459.86176609,
        74768350.76376641,
        64406432.58726618,
        67860405.31276625,
        67860405.31276625,
        74768350.76376641,
        71314378.03826633,
        74768350.76376641,
        74768350.76376641,
        74768350.76376641,
        130031914.37176767,
        81676296.21476656,
        79949309.85201652,
        88584241.66576672,
        85130268.94026664,
        85130268.94026664,
        88584241.66576672,
        102400132.56776704,
        92038214.3912668,
        95492187.11676687,
        95492187.11676687,
        102400132.56776704,
        102400132.56776704,
        102400132.56776704,
        130031914.37176767,
        109308078.01876721,
        116216023.46976736,
        116216023.46976736,
        130031914.37176767,
        123123968.92076752,
        130031914.37176767,
        130031914.37176767,
        130031914.37176767,
        130031914.37176767,
        130031914.37176767,
        130031914.37176767
      ],