{
  "version": 4,
  "material_name": "Literature Superlattice",
  "num_levels": 30,
  "target_range_frac": 0.5,
  "calibrations": {
    "300": {
      "temperature_k": 300,
      "calibration_up": [
        0,
        27001527.481797732,
        28069029.731078107,
        29136531.98035848,
        30204034.229638856,
        31271536.47891923,
        32339038.72819961,
        33406540.977479983,
        34474043.22676036,
        35007794.35140055,
        35541545.476040736,
        36609047.725321114,
        37676549.974601485,
        38744052.223881856,
        39277803.348522045,
        39811554.473162234,
        40879056.72244261,
        41946558.97172299,
        42480310.09636318,
        43014061.22100337,
        44081563.47028374,
        45149065.71956411,
        46216567.96884449,
        46750319.09348468,
        47284070.21812487,
        48351572.46740524,
        49419074.71668561,
        50486576.965965986,
        51554079.215246364,
        127500000
      ],
      "calibration_down": [
        -63296603.957330495,
        -51554079.215246364,
        -50486576.965965986,
        -49419074.71668561,
        -48351572.46740524,
        -47284070.21812487,
        -46216567.96884449,
        -45149065.71956411,
        -44081563.47028374,
        -43547812.34564355,
        -43014061.22100337,
        -41946558.97172299,
        -40879056.72244261,
        -39811554.473162234,
        -39277803.348522045,
        -38744052.223881856,
        -37676549.974601485,
        -36609047.725321114,
        -35541545.476040736,
        -35007794.35140055,
        -34474043.22676036,
        -33406540.977479983,
        -32339038.72819961,
        -31271536.47891923,
        -30204034.229638856,
        -29136531.98035848,
        -28069029.731078107,
        -27001527.481797732,
        -25934025.232517354,
        0
      ],
      "calib_up_low": [
        12056495.991872475,
        12056495.991872475,
        12056495.991872475,
        12056495.991872475,
        12056495.991872475,
        12056495.991872475,
        12056495.991872475,
        12056495.991872475,
        12056495.991872475,
        12056495.991872475,
        12056495.991872475,
        12056495.991872475,
        12056495.991872475,
        12056495.991872475,
        12056495.991872475,
        12056495.991872475,
        12056495.991872475,
        12056495.991872475,
        12056495.991872475,
        12056495.991872475,
        12056495.991872475,
        12056495.991872475,
        12056495.991872475,
        12056495.991872475,
        12056495.991872475,
        12056495.991872475,
        12056495.991872475,
        12056495.991872475,
        12056495.991872475,
        12056495.991872475
      ],
      "calib_up_high": [
        80376639.9458165,
        80376639.9458165,
        80376639.9458165,
        80376639.9458165,
        80376639.9458165,
        80376639.9458165,
        80376639.9458165,
        80376639.9458165,
        80376639.9458165,
        80376639.9458165,
        80376639.9458165,
        80376639.9458165,
        80376639.9458165,
        80376639.9458165,
        80376639.9458165,
        80376639.9458165,
        80376639.9458165,
        80376639.9458165,
        80376639.9458165,
        80376639.9458165,
        80376639.9458165,
        80376639.9458165,
        80376639.9458165,
        80376639.9458165,
        80376639.9458165,
        80376639.9458165,
        80376639.9458165,
        80376639.9458165,
        80376639.9458165,
        80376639.9458165
      ],
      "calib_down_low": [
        -80376639.9458165,
        -80376639.9458165,
        -80376639.9458165,
        -80376639.9458165,
        -80376639.9458165,
        -80376639.9458165,
        -80376639.9458165,
        -80376639.9458165,
        -80376639.9458165,
        -80376639.9458165,
        -80376639.9458165,
        -80376639.9458165,
        -80376639.9458165,
        -80376639.9458165,
        -80376639.9458165,
        -80376639.9458165,
        -80376639.9458165,
        -80376639.9458165,
        -80376639.9458165,
        -80376639.9458165,
        -80376639.9458165,
        -80376639.9458165,
        -80376639.9458165,
        -80376639.9458165,
        -80376639.9458165,
        -80376639.9458165,
        -80376639.9458165,
        -80376639.9458165,
        -80376639.9458165,
        -80376639.9458165
      ],
      "calib_down_high": [
        -12056495.991872475,
        -12056495.991872475,
        -12056495.991872475,
        -12056495.991872475,
        -12056495.991872475,
        -12056495.991872475,
        -12056495.991872475,
        -12056495.991872475,
        -12056495.991872475,
        -12056495.991872475,
        -12056495.991872475,
        -12056495.991872475,
        -12056495.991872475,
        -12056495.991872475,
        -12056495.991872475,
        -12056495.991872475,
        -12056495.991872475,
        -12056495.991872475,
        -12056495.991872475,
        -12056495.991872475,
        -12056495.991872475,
        -12056495.991872475,
        -12056495.991872475,
        -12056495.991872475,
        -12056495.991872475,
        -12056495.991872475,
        -12056495.991872475,
        -12056495.991872475,
        -12056495.991872475,
        -12056495.991872475
      ],
      "last_error_up": [
        0,
        0,
        0,
        0,
        0,
        0,
        0,
        0,
        0,
        0,
        0,
        0,
        0,
        0,
        0,
        0,
        0,
        0,
        0,
        0,
        0,
        0,
        0,
        0,
        0,
        0,
        0,
        0,
        0,
        0
      ],
      "last_error_down": [
        0,
        0,
        0,
        0,
        0,
        0,
        0,
        0,
        0,
        0,
        0,
        0,
        0,
        0,
        0,
        0,
        0,
        0,
        0,
        0,
        0,
        0,
        0,
        0,
        0,
        0,
        0,
        0,
        0,
        0
      ],
      "relax_comp_up": [
        0,
        0,
        0,
        0,
        0,
        0,
        0,
        0,
        0,
        0,
        0,
        0,
        0,
        0,
        0,
        0,
        0,
        0,
        0,
        0,
        0,
        0,
        0,
        0,
        0,
        0,
        0,
        0,
        0,
        0
      ],
      "relax_comp_down": [
        0,
        0,
        0,
        0,
        0,
        0,
        0,
        0,
        0,
        0,
        0,
        0,
        0,
        0,
        0,
        0,
        0,
        0,
        0,
        0,
        0,
        0,
        0,
        0,
        0,
        0,
        0,
        0,
        0,
        0
      ]
    }
  },
  "saved_at": "2026-02-17T14:12:27-06:00"
}