{
  "version": 4,
  "material_name": "Literature Superlattice",
  "num_levels": 30,
  "target_range_frac": 0.9,
  "calibrations": {
    "300": {
      "temperature_k": 300,
      "calibration_up": [
        0,
        12590247.116512662,
        16326504.988993976,
        18461509.48755473,
        20596513.986115478,
        24866522.98323698,
        27001527.481797732,
        29136531.98035848,
        31271536.47891923,
        32339038.72819961,
        33406540.977479983,
        35541545.476040736,
        37676549.974601485,
        38744052.223881856,
        39811554.473162234,
        41946558.97172299,
        43014061.22100337,
        44081563.47028374,
        46216567.96884449,
        48351572.46740524,
        50486576.965965986,
        51290343.36542415,
        54756585.96308749,
        56891590.46164824,
        59026594.960209,
        61161599.458769746,
        64600000,
        71836621.95157349,
        80962500,
        81766266.39945817
      ],
      "calibration_down": [
        -76910397.34815317,
        -76106630.948695,
        -71836621.95157349,
        -63296603.957330495,
        -61161599.458769746,
        -59026594.960209,
        -54756585.96308749,
        -52621581.46452674,
        -50486576.965965986,
        -49419074.71668561,
        -48351572.46740524,
        -46216567.96884449,
        -44081563.47028374,
        -41946558.97172299,
        -40879056.72244261,
        -39811554.473162234,
        -37676549.974601485,
        -35541545.476040736,
        -34474043.22676036,
        -33406540.977479983,
        -31271536.47891923,
        -29136531.98035848,
        -27001527.481797732,
        -24866522.98323698,
        -22731518.484676227,
        -20596513.986115478,
        -16326504.988993976,
        -13927764.640611013,
        -13123998.241152849,
        0
      ],
      "calib_up_low": [
        12056495.991872475,
        12056495.991872475,
        12056495.991872475,
        12056495.991872475,
        12056495.991872475,
        12056495.991872475,
        12056495.991872475,
        12056495.991872475,
        12056495.991872475,
        12056495.991872475,
        12056495.991872475,
        12056495.991872475,
        12056495.991872475,
        12056495.991872475,
        12056495.991872475,
        12056495.991872475,
        12056495.991872475,
        12056495.991872475,
        12056495.991872475,
        12056495.991872475,
        12056495.991872475,
        12056495.991872475,
        12056495.991872475,
        12056495.991872475,
        12056495.991872475,
        12056495.991872475,
        12056495.991872475,
        12056495.991872475,
        12056495.991872475,
        12056495.991872475
      ],
      "calib_up_high": [
        80376639.9458165,
        80376639.9458165,
        80376639.9458165,
        80376639.9458165,
        80376639.9458165,
        80376639.9458165,
        80376639.9458165,
        80376639.9458165,
        80376639.9458165,
        80376639.9458165,
        80376639.9458165,
        80376639.9458165,
        80376639.9458165,
        80376639.9458165,
        80376639.9458165,
        80376639.9458165,
        80376639.9458165,
        80376639.9458165,
        80376639.9458165,
        80376639.9458165,
        80376639.9458165,
        80376639.9458165,
        80376639.9458165,
        80376639.9458165,
        80376639.9458165,
        80376639.9458165,
        80376639.9458165,
        80376639.9458165,
        80376639.9458165,
        80376639.9458165
      ],
      "calib_down_low": [
        -80376639.9458165,
        -80376639.9458165,
        -80376639.9458165,
        -80376639.9458165,
        -80376639.9458165,
        -80376639.9458165,
        -80376639.9458165,
        -80376639.9458165,
        -80376639.9458165,
        -80376639.9458165,
        -80376639.9458165,
        -80376639.9458165,
        -80376639.9458165,
        -80376639.9458165,
        -80376639.9458165,
        -80376639.9458165,
        -80376639.9458165,
        -80376639.9458165,
        -80376639.9458165,
        -80376639.9458165,
        -80376639.9458165,
        -80376639.9458165,
        -80376639.9458165,
        -80376639.9458165,
        -80376639.9458165,
        -80376639.9458165,
        -80376639.9458165,
        -80376639.9458165,
        -80376639.9458165,
        -80376639.9458165
      ],
      "calib_down_high": [
        -12056495.991872475,
        -12056495.991872475,
        -12056495.991872475,
        -12056495.991872475,
        -12056495.991872475,
        -12056495.991872475,
        -12056495.991872475,
        -12056495.991872475,
        -12056495.991872475,
        -12056495.991872475,
        -12056495.991872475,
        -12056495.991872475,
        -12056495.991872475,
        -12056495.991872475,
        -12056495.991872475,
        -12056495.991872475,
        -12056495.991872475,
        -12056495.991872475,
        -12056495.991872475,
        -12056495.991872475,
        -12056495.991872475,
        -12056495.991872475,
        -12056495.991872475,
        -12056495.991872475,
        -12056495.991872475,
        -12056495.991872475,
        -12056495.991872475,
        -12056495.991872475,
        -12056495.991872475,
        -12056495.991872475
      ],
      "last_error_up": [
        0,
        0,
        0,
        0,
        0,
        0,
        0,
        0,
        0,
        0,
        0,
        0,
        0,
        0,
        0,
        0,
        0,
        0,
        0,
        0,
        0,
        0,
        0,
        0,
        0,
        0,
        0,
        0,
        0,
        0
      ],
      "last_error_down": [
        0,
        0,
        0,
        0,
        0,
        0,
        0,
        0,
        0,
        0,
        0,
        0,
        0,
        0,
        0,
        0,
        0,
        0,
        0,
        0,
        0,
        0,
        0,
        0,
        0,
        0,
        0,
        0,
        0,
        0
      ],
      "relax_comp_up": [
        0,
        0,
        0,
        0,
        0,
        0,
        0,
        0,
        0,
        0,
        0,
        0,
        0,
        0,
        0,
        0,
        0,
        0,
        0,
        0,
        0,
        0,
        0,
        0,
        0,
        0,
        0,
        0,
        0,
        0
      ],
      "relax_comp_down": [
        0,
        0,
        0,
        0,
        0,
        0,
        0,
        0,
        0,
        0,
        0,
        0,
        0,
        0,
        0,
        0,
        0,
        0,
        0,
        0,
        0,
        0,
        0,
        0,
        0,
        0,
        0,
        0,
        0,
        0
      ]
    }
  },
  "saved_at": "2026-02-16T05:50:10-06:00"
}