{
  "timestamp": "2026-01-24T12:14:15.6315416-06:00",
  "array_size": [
    64,
    64
  ],
  "total_macs": 4096,
  "levels": 30,
  "noise_level": 0.02,
  "adc_bits": 6,
  "accuracy_loss": 0.1739240716949115,
  "rmse": 0.005217722150847345,
  "max_ir_drop": 0.06614053810361642,
  "avg_ir_drop": 0.023148427555194414,
  "max_sneak_ratio": 1.1746069939043953,
  "avg_sneak_ratio": 0.15036079396516608,
  "total_energy_pj": 38.44096,
  "gpu_equivalent_energy_pj": 40960,
  "energy_efficiency": 1065.5301012253597,
  "total_reads": 320,
  "total_writes": 16384
}