{
  "timestamp": "2026-01-24T10:40:02.178675526-06:00",
  "array_size": [
    64,
    64
  ],
  "total_macs": 4096,
  "levels": 30,
  "noise_level": 0.02,
  "adc_bits": 6,
  "accuracy_loss": 0.19772844182428442,
  "rmse": 0.0059318532547285325,
  "max_ir_drop": 0.07496483598703407,
  "avg_ir_drop": 0.026230517572010684,
  "max_sneak_ratio": 2.8148785425101215,
  "avg_sneak_ratio": 0.35382547984269186,
  "total_energy_pj": 38.44096,
  "gpu_equivalent_energy_pj": 40960,
  "energy_efficiency": 1065.5301012253597,
  "total_reads": 320,
  "total_writes": 4096
}