{
  "version": 2,
  "material_name": "HZO (Si-doped)",
  "num_levels": 30,
  "calibrations": {
    "300": {
      "temperature_k": 300,
      "calibration_up": [
        0,
        57367021.046368085,
        68840425.2556417,
        68840425.2556417,
        68840425.2556417,
        74577127.36027852,
        74577127.36027852,
        80313829.46491532,
        80313829.46491532,
        80313829.46491532,
        80313829.46491532,
        91787233.67418894,
        91787233.67418894,
        91787233.67418894,
        91787233.67418894,
        91787233.67418894,
        97523935.77882574,
        97523935.77882574,
        97523935.77882574,
        97523935.77882574,
        103260637.88346255,
        103260637.88346255,
        103260637.88346255,
        103260637.88346255,
        114734042.09273617,
        114734042.09273617,
        114734042.09273617,
        120470744.19737297,
        126207446.30200979,
        131944148.4066466
      ],
      "calibration_down": [
        -131944148.4066466,
        -126207446.30200979,
        -120470744.19737297,
        -114734042.09273617,
        -114734042.09273617,
        -114734042.09273617,
        -103260637.88346255,
        -103260637.88346255,
        -103260637.88346255,
        -103260637.88346255,
        -97523935.77882574,
        -97523935.77882574,
        -97523935.77882574,
        -97523935.77882574,
        -91787233.67418894,
        -91787233.67418894,
        -91787233.67418894,
        -91787233.67418894,
        -91787233.67418894,
        -80313829.46491532,
        -80313829.46491532,
        -80313829.46491532,
        -80313829.46491532,
        -74577127.36027852,
        -74577127.36027852,
        -68840425.2556417,
        -68840425.2556417,
        -68840425.2556417,
        -57367021.046368085,
        0
      ],
      "calib_up_low": [
        45893616.83709447,
        45893616.83709447,
        45893616.83709447,
        45893616.83709447,
        45893616.83709447,
        45893616.83709447,
        45893616.83709447,
        45893616.83709447,
        45893616.83709447,
        45893616.83709447,
        45893616.83709447,
        45893616.83709447,
        45893616.83709447,
        45893616.83709447,
        45893616.83709447,
        45893616.83709447,
        45893616.83709447,
        45893616.83709447,
        45893616.83709447,
        45893616.83709447,
        45893616.83709447,
        45893616.83709447,
        45893616.83709447,
        45893616.83709447,
        45893616.83709447,
        45893616.83709447,
        45893616.83709447,
        45893616.83709447,
        45893616.83709447,
        45893616.83709447
      ],
      "calib_up_high": [
        137680850.5112834,
        137680850.5112834,
        137680850.5112834,
        137680850.5112834,
        137680850.5112834,
        137680850.5112834,
        137680850.5112834,
        137680850.5112834,
        137680850.5112834,
        137680850.5112834,
        137680850.5112834,
        137680850.5112834,
        137680850.5112834,
        137680850.5112834,
        137680850.5112834,
        137680850.5112834,
        137680850.5112834,
        137680850.5112834,
        137680850.5112834,
        137680850.5112834,
        137680850.5112834,
        137680850.5112834,
        137680850.5112834,
        137680850.5112834,
        137680850.5112834,
        137680850.5112834,
        137680850.5112834,
        137680850.5112834,
        137680850.5112834,
        137680850.5112834
      ],
      "calib_down_low": [
        -137680850.5112834,
        -137680850.5112834,
        -137680850.5112834,
        -137680850.5112834,
        -137680850.5112834,
        -137680850.5112834,
        -137680850.5112834,
        -137680850.5112834,
        -137680850.5112834,
        -137680850.5112834,
        -137680850.5112834,
        -137680850.5112834,
        -137680850.5112834,
        -137680850.5112834,
        -137680850.5112834,
        -137680850.5112834,
        -137680850.5112834,
        -137680850.5112834,
        -137680850.5112834,
        -137680850.5112834,
        -137680850.5112834,
        -137680850.5112834,
        -137680850.5112834,
        -137680850.5112834,
        -137680850.5112834,
        -137680850.5112834,
        -137680850.5112834,
        -137680850.5112834,
        -137680850.5112834,
        -137680850.5112834
      ],
      "calib_down_high": [
        -45893616.83709447,
        -45893616.83709447,
        -45893616.83709447,
        -45893616.83709447,
        -45893616.83709447,
        -45893616.83709447,
        -45893616.83709447,
        -45893616.83709447,
        -45893616.83709447,
        -45893616.83709447,
        -45893616.83709447,
        -45893616.83709447,
        -45893616.83709447,
        -45893616.83709447,
        -45893616.83709447,
        -45893616.83709447,
        -45893616.83709447,
        -45893616.83709447,
        -45893616.83709447,
        -45893616.83709447,
        -45893616.83709447,
        -45893616.83709447,
        -45893616.83709447,
        -45893616.83709447,
        -45893616.83709447,
        -45893616.83709447,
        -45893616.83709447,
        -45893616.83709447,
        -45893616.83709447,
        -45893616.83709447
      ],
      "last_error_up": [
        0,
        0,
        0,
        0,
        0,
        0,
        0,
        0,
        0,
        0,
        0,
        0,
        0,
        0,
        0,
        0,
        0,
        0,
        0,
        0,
        0,
        0,
        0,
        0,
        0,
        0,
        0,
        0,
        0,
        0
      ],
      "last_error_down": [
        0,
        0,
        0,
        0,
        0,
        0,
        0,
        0,
        0,
        0,
        0,
        0,
        0,
        0,
        0,
        0,
        0,
        0,
        0,
        0,
        0,
        0,
        0,
        0,
        0,
        0,
        0,
        0,
        0,
        0
      ]
    }
  },
  "saved_at": "2026-01-27T18:56:24-06:00"
}