{
  "version": 2,
  "material_name": "HZO (Si-doped)",
  "num_levels": 30,
  "calibrations": {
    "300": {
      "temperature_k": 300,
      "calibration_up": [
        0,
        51630318.941731274,
        57367021.046368085,
        63103723.151004896,
        68840425.2556417,
        68840425.2556417,
        68840425.2556417,
        74577127.36027852,
        74577127.36027852,
        80313829.46491532,
        80313829.46491532,
        80313829.46491532,
        86050531.56955212,
        86050531.56955212,
        91787233.67418894,
        91787233.67418894,
        91787233.67418894,
        97523935.77882574,
        97523935.77882574,
        97523935.77882574,
        103260637.88346255,
        103260637.88346255,
        114734042.09273617,
        114734042.09273617,
        114734042.09273617,
        120470744.19737297,
        126207446.30200979,
        131944148.4066466,
        134812499.458965,
        134812499.458965
      ],
      "calibration_down": [
        -134812499.458965,
        -134812499.458965,
        -131944148.4066466,
        -126207446.30200979,
        -120470744.19737297,
        -114734042.09273617,
        -114734042.09273617,
        -114734042.09273617,
        -103260637.88346255,
        -103260637.88346255,
        -97523935.77882574,
        -97523935.77882574,
        -97523935.77882574,
        -91787233.67418894,
        -91787233.67418894,
        -91787233.67418894,
        -86050531.56955212,
        -86050531.56955212,
        -80313829.46491532,
        -80313829.46491532,
        -80313829.46491532,
        -74577127.36027852,
        -68840425.2556417,
        -68840425.2556417,
        -68840425.2556417,
        -63103723.151004896,
        -57367021.046368085,
        -51630318.941731274,
        -51630318.941731274,
        0
      ],
      "calib_up_low": [
        27536170.10225668,
        27536170.10225668,
        27536170.10225668,
        27536170.10225668,
        27536170.10225668,
        27536170.10225668,
        27536170.10225668,
        27536170.10225668,
        27536170.10225668,
        27536170.10225668,
        27536170.10225668,
        27536170.10225668,
        27536170.10225668,
        27536170.10225668,
        27536170.10225668,
        27536170.10225668,
        27536170.10225668,
        27536170.10225668,
        27536170.10225668,
        27536170.10225668,
        27536170.10225668,
        27536170.10225668,
        27536170.10225668,
        27536170.10225668,
        27536170.10225668,
        27536170.10225668,
        27536170.10225668,
        27536170.10225668,
        27536170.10225668,
        27536170.10225668
      ],
      "calib_up_high": [
        183574467.34837788,
        183574467.34837788,
        183574467.34837788,
        183574467.34837788,
        183574467.34837788,
        183574467.34837788,
        183574467.34837788,
        183574467.34837788,
        183574467.34837788,
        183574467.34837788,
        183574467.34837788,
        183574467.34837788,
        183574467.34837788,
        183574467.34837788,
        183574467.34837788,
        183574467.34837788,
        183574467.34837788,
        183574467.34837788,
        183574467.34837788,
        183574467.34837788,
        183574467.34837788,
        183574467.34837788,
        183574467.34837788,
        183574467.34837788,
        183574467.34837788,
        183574467.34837788,
        183574467.34837788,
        183574467.34837788,
        183574467.34837788,
        183574467.34837788
      ],
      "calib_down_low": [
        -183574467.34837788,
        -183574467.34837788,
        -183574467.34837788,
        -183574467.34837788,
        -183574467.34837788,
        -183574467.34837788,
        -183574467.34837788,
        -183574467.34837788,
        -183574467.34837788,
        -183574467.34837788,
        -183574467.34837788,
        -183574467.34837788,
        -183574467.34837788,
        -183574467.34837788,
        -183574467.34837788,
        -183574467.34837788,
        -183574467.34837788,
        -183574467.34837788,
        -183574467.34837788,
        -183574467.34837788,
        -183574467.34837788,
        -183574467.34837788,
        -183574467.34837788,
        -183574467.34837788,
        -183574467.34837788,
        -183574467.34837788,
        -183574467.34837788,
        -183574467.34837788,
        -183574467.34837788,
        -183574467.34837788
      ],
      "calib_down_high": [
        -27536170.10225668,
        -27536170.10225668,
        -27536170.10225668,
        -27536170.10225668,
        -27536170.10225668,
        -27536170.10225668,
        -27536170.10225668,
        -27536170.10225668,
        -27536170.10225668,
        -27536170.10225668,
        -27536170.10225668,
        -27536170.10225668,
        -27536170.10225668,
        -27536170.10225668,
        -27536170.10225668,
        -27536170.10225668,
        -27536170.10225668,
        -27536170.10225668,
        -27536170.10225668,
        -27536170.10225668,
        -27536170.10225668,
        -27536170.10225668,
        -27536170.10225668,
        -27536170.10225668,
        -27536170.10225668,
        -27536170.10225668,
        -27536170.10225668,
        -27536170.10225668,
        -27536170.10225668,
        -27536170.10225668
      ],
      "last_error_up": [
        0,
        0,
        0,
        0,
        0,
        0,
        0,
        0,
        0,
        0,
        0,
        0,
        0,
        0,
        0,
        0,
        0,
        0,
        0,
        0,
        0,
        0,
        0,
        0,
        0,
        0,
        0,
        0,
        0,
        0
      ],
      "last_error_down": [
        0,
        0,
        0,
        0,
        0,
        0,
        0,
        0,
        0,
        0,
        0,
        0,
        0,
        0,
        0,
        0,
        0,
        0,
        0,
        0,
        0,
        0,
        0,
        0,
        0,
        0,
        0,
        0,
        0,
        0
      ]
    }
  },
  "saved_at": "2026-01-28T15:57:16-06:00"
}