{
  "version": 2,
  "material_name": "HZO (Si-doped)",
  "num_levels": 30,
  "calibrations": {
    "300": {
      "temperature_k": 300,
      "calibration_up": [
        0,
        57367021.046368085,
        68840425.2556417,
        68840425.2556417,
        68840425.2556417,
        74577127.36027852,
        74577127.36027852,
        80313829.46491532,
        80313829.46491532,
        80313829.46491532,
        80313829.46491532,
        91787233.67418894,
        91787233.67418894,
        91787233.67418894,
        91787233.67418894,
        91787233.67418894,
        97523935.77882576,
        97523935.77882576,
        97523935.77882576,
        97523935.77882576,
        103260637.88346256,
        103260637.88346256,
        103260637.88346256,
        103260637.88346256,
        114734042.09273618,
        114734042.09273618,
        114734042.09273618,
        120470744.197373,
        126207446.3020098,
        137680850.51128343
      ],
      "calibration_down": [
        -137680850.51128343,
        -126207446.3020098,
        -120470744.197373,
        -114734042.09273618,
        -114734042.09273618,
        -114734042.09273618,
        -103260637.88346256,
        -103260637.88346256,
        -103260637.88346256,
        -103260637.88346256,
        -97523935.77882576,
        -97523935.77882576,
        -97523935.77882576,
        -97523935.77882576,
        -91787233.67418894,
        -91787233.67418894,
        -91787233.67418894,
        -91787233.67418894,
        -91787233.67418894,
        -80313829.46491532,
        -80313829.46491532,
        -80313829.46491532,
        -80313829.46491532,
        -74577127.36027852,
        -74577127.36027852,
        -68840425.2556417,
        -68840425.2556417,
        -68840425.2556417,
        -57367021.046368085,
        0
      ],
      "calib_up_low": [
        45893616.83709447,
        45893616.83709447,
        45893616.83709447,
        45893616.83709447,
        45893616.83709447,
        45893616.83709447,
        45893616.83709447,
        45893616.83709447,
        45893616.83709447,
        45893616.83709447,
        45893616.83709447,
        45893616.83709447,
        45893616.83709447,
        45893616.83709447,
        45893616.83709447,
        45893616.83709447,
        45893616.83709447,
        45893616.83709447,
        45893616.83709447,
        45893616.83709447,
        45893616.83709447,
        45893616.83709447,
        45893616.83709447,
        45893616.83709447,
        45893616.83709447,
        45893616.83709447,
        45893616.83709447,
        45893616.83709447,
        45893616.83709447,
        45893616.83709447
      ],
      "calib_up_high": [
        229468084.18547237,
        229468084.18547237,
        229468084.18547237,
        229468084.18547237,
        229468084.18547237,
        229468084.18547237,
        229468084.18547237,
        229468084.18547237,
        229468084.18547237,
        229468084.18547237,
        229468084.18547237,
        229468084.18547237,
        229468084.18547237,
        229468084.18547237,
        229468084.18547237,
        229468084.18547237,
        229468084.18547237,
        229468084.18547237,
        229468084.18547237,
        229468084.18547237,
        229468084.18547237,
        229468084.18547237,
        229468084.18547237,
        229468084.18547237,
        229468084.18547237,
        229468084.18547237,
        229468084.18547237,
        229468084.18547237,
        229468084.18547237,
        229468084.18547237
      ],
      "calib_down_low": [
        -229468084.18547237,
        -229468084.18547237,
        -229468084.18547237,
        -229468084.18547237,
        -229468084.18547237,
        -229468084.18547237,
        -229468084.18547237,
        -229468084.18547237,
        -229468084.18547237,
        -229468084.18547237,
        -229468084.18547237,
        -229468084.18547237,
        -229468084.18547237,
        -229468084.18547237,
        -229468084.18547237,
        -229468084.18547237,
        -229468084.18547237,
        -229468084.18547237,
        -229468084.18547237,
        -229468084.18547237,
        -229468084.18547237,
        -229468084.18547237,
        -229468084.18547237,
        -229468084.18547237,
        -229468084.18547237,
        -229468084.18547237,
        -229468084.18547237,
        -229468084.18547237,
        -229468084.18547237,
        -229468084.18547237
      ],
      "calib_down_high": [
        -45893616.83709447,
        -45893616.83709447,
        -45893616.83709447,
        -45893616.83709447,
        -45893616.83709447,
        -45893616.83709447,
        -45893616.83709447,
        -45893616.83709447,
        -45893616.83709447,
        -45893616.83709447,
        -45893616.83709447,
        -45893616.83709447,
        -45893616.83709447,
        -45893616.83709447,
        -45893616.83709447,
        -45893616.83709447,
        -45893616.83709447,
        -45893616.83709447,
        -45893616.83709447,
        -45893616.83709447,
        -45893616.83709447,
        -45893616.83709447,
        -45893616.83709447,
        -45893616.83709447,
        -45893616.83709447,
        -45893616.83709447,
        -45893616.83709447,
        -45893616.83709447,
        -45893616.83709447,
        -45893616.83709447
      ],
      "last_error_up": [
        0,
        0,
        0,
        0,
        0,
        0,
        0,
        0,
        0,
        0,
        0,
        0,
        0,
        0,
        0,
        0,
        0,
        0,
        0,
        0,
        0,
        0,
        0,
        0,
        0,
        0,
        0,
        0,
        0,
        0
      ],
      "last_error_down": [
        0,
        0,
        0,
        0,
        0,
        0,
        0,
        0,
        0,
        0,
        0,
        0,
        0,
        0,
        0,
        0,
        0,
        0,
        0,
        0,
        0,
        0,
        0,
        0,
        0,
        0,
        0,
        0,
        0,
        0
      ]
    }
  },
  "saved_at": "2026-01-27T14:42:37-06:00"
}